customer_id,customer_segment,purchase_frequency_index,avg_order_value,days_since_last_purchase,total_lifetime_value
CUST-0001,Small Biz,1.09,712.54,38,3330.74
CUST-0002,Enterprise,8.81,15907.33,10,540634.18
CUST-0003,Enterprise,6.83,15107.11,1,608152.24
CUST-0004,Small Biz,3.45,929.28,67,9358.95
CUST-0005,Small Biz,1.02,1508.73,64,10686.34
CUST-0006,Enterprise,9.64,11731.89,2,376555.29
CUST-0007,Mid-Market,4.88,2690.34,7,64713.71
CUST-0008,Mid-Market,7.39,3203.4,40,46288.88
CUST-0009,Small Biz,4.1,842.45,34,9650.15
CUST-0010,Enterprise,6.87,10787.76,2,577029.7
CUST-0011,Small Biz,2.33,980.12,56,4853.41
CUST-0012,Mid-Market,6.18,4658.19,9,99689.38
CUST-0013,Enterprise,8.77,8268.05,7,224458.15
CUST-0014,Small Biz,3.41,629.42,51,8254.35
CUST-0015,Small Biz,1.8,348.15,50,2720.44
CUST-0016,Enterprise,9.47,16343.6,12,476587.62
CUST-0017,Small Biz,2.38,1671.82,68,7881.73
CUST-0018,Enterprise,8.83,15779.55,12,651795.92
CUST-0019,Small Biz,2.4,628.98,27,5732.72
CUST-0020,Enterprise,6.18,7192.98,11,159678.33
CUST-0021,Small Biz,3.09,877.15,86,13116.42
CUST-0022,Mid-Market,7.38,5373.51,5,123409.29
CUST-0023,Enterprise,9.36,20017.56,13,877635.51
CUST-0024,Enterprise,7.65,14074.47,12,765839.52
CUST-0025,Mid-Market,5.5,2303.93,11,62554.94
CUST-0026,Mid-Market,6.06,4240.37,14,68804.69
CUST-0027,Enterprise,9.62,23448.68,1,983730.9
CUST-0028,Mid-Market,3.95,3133.41,24,41573.93
CUST-0029,Mid-Market,5.77,1854.41,36,48126.6
CUST-0030,Small Biz,2.86,488.64,70,7017.94
CUST-0031,Enterprise,8.01,17131.88,4,973109.75
CUST-0032,Small Biz,3.41,1369.42,61,20461.59
CUST-0033,Small Biz,2.53,1076.36,25,6431.11
CUST-0034,Enterprise,6.08,16078.43,10,400510.19
CUST-0035,Enterprise,8.4,9578.84,1,514226.55
CUST-0036,Enterprise,6.9,18379.56,4,721683.11
CUST-0037,Small Biz,4.09,1164.32,41,14455.54
CUST-0038,Small Biz,1.67,445.4,65,3229.85
CUST-0039,Mid-Market,6.96,1743.77,11,16275.44
CUST-0040,Small Biz,3.8,463.9,34,2450.55
CUST-0041,Mid-Market,5.19,2753.45,20,75000.37
CUST-0042,Enterprise,9.07,22119.34,2,382144.22
CUST-0043,Small Biz,3.93,1753.49,40,8759.97
CUST-0044,Mid-Market,4.35,3304.68,8,38407.05
CUST-0045,Enterprise,7.48,23530.36,13,834748.38
CUST-0046,Mid-Market,7.33,5979.4,40,134902.25
CUST-0047,Mid-Market,4.26,2479.65,8,51432.82
CUST-0048,Mid-Market,6.49,1757.24,42,32490.22
CUST-0049,Small Biz,2.86,385.32,75,1526.38
CUST-0050,Enterprise,8.26,18504.25,4,613784.12
CUST-0051,Small Biz,2.99,1168.38,15,12189.22
CUST-0052,Mid-Market,5.83,3852.52,21,48132.24
CUST-0053,Small Biz,1.84,893.68,48,7584.39
CUST-0054,Small Biz,4.28,313.97,89,4703.73
CUST-0055,Small Biz,1.26,619.73,43,2844.24
CUST-0056,Mid-Market,3.78,2599.28,23,29814.86
CUST-0057,Small Biz,3.46,1217.52,77,3766.86
CUST-0058,Small Biz,2.05,1295.08,27,7995.29
CUST-0059,Small Biz,3.6,533.17,46,5469.24
CUST-0060,Small Biz,1.71,1251.36,43,11343.46
CUST-0061,Mid-Market,7.13,1728.6,45,29937.05
CUST-0062,Mid-Market,3.51,4970.04,45,146892.29
CUST-0063,Enterprise,7.68,19113.35,9,295017.17
CUST-0064,Enterprise,9.36,23078.57,9,383595.06
CUST-0065,Mid-Market,5.71,3434.04,7,50760.89
CUST-0066,Small Biz,3.79,1591.05,55,8784.06
CUST-0067,Mid-Market,3.91,5010.52,31,147431.62
CUST-0068,Small Biz,4.24,655.11,30,9639.6
CUST-0069,Small Biz,4.08,337.18,52,4177.2
CUST-0070,Mid-Market,6.18,4807.76,20,66682.31
CUST-0071,Small Biz,1.38,1608.25,70,9117.5
CUST-0072,Small Biz,2.61,757.79,39,4300.52
CUST-0073,Small Biz,2.39,717.9,18,10483.26
CUST-0074,Mid-Market,6.07,3298.55,39,50419.32
CUST-0075,Enterprise,9.33,10224.3,10,596220.28
CUST-0076,Mid-Market,3.93,3455.54,25,60819.8
CUST-0077,Small Biz,1.4,1649.26,34,9989.02
CUST-0078,Small Biz,1.01,1688.36,78,18981.03
CUST-0079,Small Biz,3.58,595.55,65,2286.72
CUST-0080,Small Biz,2.16,770.87,25,8970.65
CUST-0081,Mid-Market,4.74,3337.77,30,77898.83
CUST-0082,Small Biz,1.67,1297.39,58,14437.12
CUST-0083,Small Biz,3.15,751.42,80,9771.99
CUST-0084,Mid-Market,4.34,5035.91,43,112822.13
CUST-0085,Mid-Market,5.27,2461.66,35,62679.23
CUST-0086,Small Biz,3.58,1288.28,46,11833.4
CUST-0087,Small Biz,2.17,1527.64,40,16916.39
CUST-0088,Mid-Market,4.3,1609.91,20,47728.35
CUST-0089,Small Biz,3.69,983.12,90,9740.8
CUST-0090,Small Biz,2.34,899.48,28,9779.77
CUST-0091,Enterprise,8.85,20400.92,2,1020635.96
CUST-0092,Mid-Market,6.72,4631.6,34,42169.81
CUST-0093,Mid-Market,6.89,3554.08,34,80630.38
CUST-0094,Small Biz,3.08,1725.06,66,17857.52
CUST-0095,Small Biz,2.77,1545.85,80,12909.34
CUST-0096,Enterprise,9.27,14001.4,13,365797.61
CUST-0097,Small Biz,3.68,1081.95,90,6352.07
CUST-0098,Mid-Market,6.35,2555.22,26,38414.18
CUST-0099,Mid-Market,4.05,2540.68,14,59810.71
CUST-0100,Enterprise,7.55,15852.22,7,282200.54
CUST-0101,Small Biz,2.36,1454.69,12,19319.42
CUST-0102,Small Biz,2.33,308.84,55,2033.2
CUST-0103,Mid-Market,7.07,5260.78,39,128601.58
CUST-0104,Mid-Market,5.91,2492.42,19,34905.29
CUST-0105,Mid-Market,5.06,4509.93,30,107931.6
CUST-0106,Small Biz,4.22,1771.08,78,5886.36
CUST-0107,Mid-Market,5.76,1621.96,32,17817.86
CUST-0108,Mid-Market,3.7,3205.97,18,57718.31
CUST-0109,Mid-Market,7.02,2752.15,31,37291.56
CUST-0110,Enterprise,6.07,15788.38,6,396130.41
CUST-0111,Enterprise,9.64,5805.16,1,335146.56
CUST-0112,Enterprise,6.08,8047.65,3,292212.17
CUST-0113,Enterprise,9.6,14300.68,5,708032.59
CUST-0114,Enterprise,8.31,19958.51,2,997938.17
CUST-0115,Enterprise,7.18,16573.69,5,678043.79
CUST-0116,Small Biz,2.31,1712.21,35,6698.09
CUST-0117,Small Biz,3.2,452.85,48,5979.21
CUST-0118,Small Biz,1.42,1775.77,15,12725.96
CUST-0119,Mid-Market,4.98,3776.82,26,31265.83
CUST-0120,Mid-Market,5.46,3450.86,28,75859.81
CUST-0121,Small Biz,3.48,953.23,76,13903.51
CUST-0122,Mid-Market,6.73,3921.78,35,71483.16
CUST-0123,Small Biz,3.07,783.46,41,10160.51
CUST-0124,Enterprise,9.35,9877.27,8,401444.2
CUST-0125,Small Biz,2.18,1041.46,51,5396.93
CUST-0126,Mid-Market,6.69,3031.52,43,71016.52
CUST-0127,Mid-Market,3.54,5766.28,10,76748.22
CUST-0128,Mid-Market,5.72,2581.46,35,57333.87
CUST-0129,Mid-Market,6.67,1918.74,19,32420.61
CUST-0130,Mid-Market,6.16,3160.59,40,62201.3
CUST-0131,Mid-Market,6.48,2988.56,34,41720.78
CUST-0132,Mid-Market,3.98,2366.63,12,57611.78
CUST-0133,Small Biz,3.42,587.31,71,3710.62
CUST-0134,Small Biz,3.66,1195.19,22,15527.36
CUST-0135,Mid-Market,4.94,2860.2,39,30846.76
CUST-0136,Enterprise,6.21,10842.73,3,473872.13
CUST-0137,Small Biz,1.36,318.4,46,2748.67
CUST-0138,Mid-Market,4.24,1731.2,35,18194.77
CUST-0139,Enterprise,7.87,16540.42,11,288008.55
CUST-0140,Enterprise,8.14,11076.71,4,225193.06
CUST-0141,Small Biz,3.12,1486.11,38,18291.52
CUST-0142,Mid-Market,7.13,2838.09,42,84520.27
CUST-0143,Mid-Market,5.98,4243.34,11,122407.56
CUST-0144,Mid-Market,4.34,4471.93,15,59373.97
CUST-0145,Small Biz,1.55,912.78,86,7885.46
CUST-0146,Enterprise,7.09,10654.37,14,377499.35
CUST-0147,Small Biz,4.23,1481.74,90,14932.2
CUST-0148,Small Biz,1.69,472.16,38,5085.93
CUST-0149,Small Biz,3.89,407.11,31,5093.57
CUST-0150,Small Biz,3.88,1681.79,66,7555.01
CUST-0151,Small Biz,3.45,1714.01,74,16248.44
CUST-0152,Mid-Market,5.89,5502.4,25,117100.43
CUST-0153,Enterprise,6.87,18485.97,14,755779.66
CUST-0154,Small Biz,4.5,1308.42,44,12972.94
CUST-0155,Small Biz,1.61,1078.45,66,15090.61
CUST-0156,Enterprise,8.22,17695.69,8,1037099.9
CUST-0157,Mid-Market,5.13,2944.76,11,79126.08
CUST-0158,Mid-Market,6.27,2796.98,30,72437.45
CUST-0159,Small Biz,2.59,771.78,51,3388.93
CUST-0160,Small Biz,4.03,1537.39,10,16745.14
CUST-0161,Mid-Market,5.15,2344.12,28,50862.59
CUST-0162,Mid-Market,5.27,1732.25,22,34788.49
CUST-0163,Small Biz,2.53,1347.38,25,4508.92
CUST-0164,Small Biz,3.8,1364.67,49,13114.57
CUST-0165,Small Biz,1.33,1788.39,24,15268.16
CUST-0166,Enterprise,9.16,14967.51,12,421092.49
CUST-0167,Small Biz,2.45,1023.75,70,6065.48
CUST-0168,Small Biz,2.34,1682.8,75,20118.73
CUST-0169,Enterprise,6.27,20453.5,14,688718.62
CUST-0170,Small Biz,2.78,1530.82,46,17929.9
CUST-0171,Small Biz,3.03,1289.91,29,10781.8
CUST-0172,Mid-Market,4.83,4932.93,29,88879.47
CUST-0173,Mid-Market,4.25,4638.74,41,76192.97
CUST-0174,Small Biz,2.44,777.26,70,8909.53
CUST-0175,Small Biz,2.35,1295.53,29,11587.15
CUST-0176,Enterprise,7.91,16803.61,14,327946.09
CUST-0177,Small Biz,1.35,1665.66,11,19437.13
CUST-0178,Mid-Market,6.12,2194.63,35,55290.53
CUST-0179,Mid-Market,5.99,3288.67,10,87935.21
CUST-0180,Small Biz,4.01,870.01,50,9153.89
CUST-0181,Small Biz,2.71,1111.52,89,4247.17
CUST-0182,Small Biz,4.22,1796.14,21,14742.1
CUST-0183,Enterprise,8.41,22451.58,8,504855.55
CUST-0184,Mid-Market,3.62,2959.69,8,42779.63
CUST-0185,Mid-Market,4.08,3890.25,41,89474.23
CUST-0186,Enterprise,6.67,17189.84,7,737220.09
CUST-0187,Mid-Market,7.15,2144.03,34,47241.35
CUST-0188,Mid-Market,6.17,5545.09,34,154301.04
CUST-0189,Small Biz,1.55,962.59,54,14296.21
CUST-0190,Mid-Market,7.35,4606.41,34,122515.24
CUST-0191,Enterprise,7.46,14664.16,4,471619.82
CUST-0192,Mid-Market,4.68,4646.76,6,137148.09
CUST-0193,Small Biz,1.96,1148.89,16,16001.05
CUST-0194,Small Biz,3.91,1654.4,39,17015.14
CUST-0195,Mid-Market,6.05,4294.01,13,93701.56
CUST-0196,Small Biz,3.26,763.4,66,2595.85
CUST-0197,Mid-Market,4.03,5593.33,25,136726.6
CUST-0198,Enterprise,6.5,15788.16,6,613975.6
CUST-0199,Small Biz,3.91,685.46,71,10013.62
CUST-0200,Mid-Market,6.98,5119.05,34,149392.58
CUST-0201,Enterprise,9.67,22202.81,12,1006859.25
CUST-0202,Mid-Market,6.88,4007.91,10,101780.89
CUST-0203,Enterprise,8.04,14095.72,11,686539.4
CUST-0204,Mid-Market,5.02,4373.47,28,45412.43
CUST-0205,Mid-Market,3.6,5479.06,40,83370.13
CUST-0206,Small Biz,3.27,1253.11,69,17434.08
CUST-0207,Mid-Market,5.13,2129.0,7,31287.83
CUST-0208,Mid-Market,3.89,5492.67,13,90904.83
CUST-0209,Mid-Market,7.3,4634.18,39,79804.23
CUST-0210,Small Biz,1.54,922.33,22,11994.27
CUST-0211,Small Biz,4.29,719.61,57,4035.02
CUST-0212,Mid-Market,4.44,3132.09,28,62573.67
CUST-0213,Small Biz,2.26,897.21,34,13115.85
CUST-0214,Small Biz,3.88,437.51,37,4681.56
CUST-0215,Small Biz,1.07,1480.19,41,22004.28
CUST-0216,Small Biz,1.72,1544.73,80,8474.22
CUST-0217,Mid-Market,6.98,2978.52,14,75505.97
CUST-0218,Small Biz,1.97,1776.04,26,16841.45
CUST-0219,Small Biz,1.38,1599.67,26,5084.27
CUST-0220,Small Biz,1.83,785.66,32,4858.84
CUST-0221,Enterprise,7.6,7272.99,2,264962.8
CUST-0222,Small Biz,2.8,463.58,74,2623.21
CUST-0223,Small Biz,3.55,1663.13,76,11009.2
CUST-0224,Small Biz,1.11,1797.88,61,14590.31
CUST-0225,Enterprise,8.71,13871.25,2,409132.96
CUST-0226,Enterprise,6.48,17486.35,10,693789.11
CUST-0227,Mid-Market,7.48,3887.51,34,74337.45
CUST-0228,Mid-Market,6.67,2014.86,40,48071.49
CUST-0229,Mid-Market,5.31,2528.22,26,66247.51
CUST-0230,Mid-Market,6.42,2906.47,25,65780.31
CUST-0231,Mid-Market,4.11,5653.43,9,56573.57
CUST-0232,Enterprise,7.64,19891.78,6,1025015.82
CUST-0233,Small Biz,3.05,1142.38,52,12612.06
CUST-0234,Mid-Market,6.99,5735.08,32,155409.35
CUST-0235,Small Biz,4.39,1200.62,55,5094.48
CUST-0236,Mid-Market,4.12,3669.85,11,57625.85
CUST-0237,Small Biz,1.4,717.85,38,9107.12
CUST-0238,Small Biz,4.41,1527.64,88,16956.38
CUST-0239,Small Biz,3.13,1286.75,44,4307.32
CUST-0240,Mid-Market,6.55,5646.92,27,45933.9
CUST-0241,Small Biz,2.98,901.18,28,10716.5
CUST-0242,Small Biz,1.32,1095.72,58,8807.39
CUST-0243,Mid-Market,4.98,4747.18,41,100245.83
CUST-0244,Small Biz,1.54,1431.65,16,15873.6
CUST-0245,Mid-Market,6.15,3685.48,33,63066.09
CUST-0246,Mid-Market,5.55,3053.28,12,43452.52
CUST-0247,Small Biz,2.7,1300.7,15,7344.04
CUST-0248,Small Biz,1.19,606.63,37,7405.86
CUST-0249,Small Biz,2.01,479.98,73,5742.56
CUST-0250,Enterprise,7.44,19073.43,9,765656.32
CUST-0251,Small Biz,2.24,895.61,15,7375.02
CUST-0252,Mid-Market,3.81,2908.77,32,59963.69
CUST-0253,Small Biz,2.46,472.76,12,6899.65
CUST-0254,Enterprise,9.6,14201.94,12,800842.27
CUST-0255,Enterprise,9.21,9866.33,10,325788.6
CUST-0256,Enterprise,9.31,19916.1,4,597245.76
CUST-0257,Enterprise,7.94,7280.53,9,172735.43
CUST-0258,Small Biz,2.23,1737.34,28,10137.77
CUST-0259,Enterprise,6.75,17047.98,13,838110.36
CUST-0260,Enterprise,9.61,17558.98,8,859513.16
CUST-0261,Small Biz,2.57,1686.23,82,18069.48
CUST-0262,Small Biz,2.13,1756.46,50,8451.19
CUST-0263,Enterprise,7.68,11056.41,5,460100.22
CUST-0264,Mid-Market,3.8,3577.84,7,33100.68
CUST-0265,Small Biz,1.27,1596.38,21,16570.59
CUST-0266,Mid-Market,5.35,3994.42,7,71476.72
CUST-0267,Small Biz,3.28,782.29,70,7053.45
CUST-0268,Small Biz,2.58,1516.45,53,22426.21
CUST-0269,Enterprise,8.46,5782.84,12,200659.47
CUST-0270,Mid-Market,5.59,2214.36,28,62433.02
CUST-0271,Mid-Market,6.6,4555.04,8,115529.45
CUST-0272,Small Biz,1.23,441.76,59,2831.58
CUST-0273,Small Biz,3.3,1659.51,29,11617.14
CUST-0274,Small Biz,1.49,824.73,60,3750.39
CUST-0275,Small Biz,1.3,1138.38,52,14523.7
CUST-0276,Small Biz,3.9,1408.16,77,5803.64
CUST-0277,Small Biz,2.78,327.35,49,1690.16
CUST-0278,Mid-Market,7.29,3688.22,19,110644.7
CUST-0279,Enterprise,7.12,20762.4,9,1031670.42
CUST-0280,Small Biz,4.09,356.62,53,4820.33
CUST-0281,Small Biz,3.09,531.38,33,6895.26
CUST-0282,Small Biz,3.83,548.31,66,1932.41
CUST-0283,Mid-Market,6.38,5863.15,44,83657.85
CUST-0284,Small Biz,2.57,1101.02,49,16060.75
CUST-0285,Small Biz,4.16,591.02,83,8754.94
CUST-0286,Mid-Market,4.63,3218.43,38,55390.91
CUST-0287,Enterprise,6.76,17093.27,14,448700.81
CUST-0288,Small Biz,4.06,1131.81,23,13057.48
CUST-0289,Mid-Market,4.0,1877.44,15,26286.8
CUST-0290,Small Biz,1.52,956.21,38,12239.91
CUST-0291,Small Biz,4.26,922.35,60,8323.37
CUST-0292,Mid-Market,7.48,3187.11,6,47841.92
CUST-0293,Enterprise,8.72,11705.81,3,248069.31
CUST-0294,Mid-Market,6.82,4632.32,13,114392.85
CUST-0295,Mid-Market,5.96,5576.36,6,76007.61
CUST-0296,Small Biz,2.92,1390.85,77,11236.76
CUST-0297,Small Biz,1.83,482.77,40,3880.46
CUST-0298,Small Biz,2.6,466.29,73,4737.91
CUST-0299,Enterprise,7.96,9838.76,3,276540.38
CUST-0300,Enterprise,7.34,16413.27,3,736901.8
CUST-0301,Enterprise,9.7,6353.59,9,250863.17
CUST-0302,Small Biz,2.78,330.5,70,1164.16
CUST-0303,Mid-Market,4.99,4862.92,27,123262.57
CUST-0304,Mid-Market,6.43,4327.16,42,104605.26
CUST-0305,Mid-Market,3.68,3957.06,16,103945.79
CUST-0306,Small Biz,4.43,1017.8,33,12964.71
CUST-0307,Enterprise,8.95,14153.59,5,340699.48
CUST-0308,Small Biz,4.1,773.39,49,7103.28
CUST-0309,Small Biz,2.9,679.97,34,4374.47
CUST-0310,Small Biz,1.17,1283.6,44,5768.11
CUST-0311,Mid-Market,7.06,4844.88,29,74896.06
CUST-0312,Enterprise,8.63,12346.94,13,473720.15
CUST-0313,Small Biz,3.54,418.39,87,6251.24
CUST-0314,Enterprise,7.12,7051.96,6,315514.32
CUST-0315,Mid-Market,5.91,3417.52,33,53771.37
CUST-0316,Enterprise,9.31,12051.19,7,329660.2
CUST-0317,Small Biz,4.32,412.56,61,3036.33
CUST-0318,Small Biz,3.38,1729.18,28,22797.56
CUST-0319,Small Biz,2.53,489.35,40,6039.65
CUST-0320,Mid-Market,5.03,4052.6,43,46100.92
CUST-0321,Mid-Market,4.98,3497.73,9,72145.16
CUST-0322,Mid-Market,5.09,4423.02,20,128848.95
CUST-0323,Enterprise,6.71,15354.91,9,311693.08
CUST-0324,Small Biz,3.46,621.86,88,3996.65
CUST-0325,Small Biz,2.72,483.96,19,4077.13
CUST-0326,Small Biz,2.56,431.69,50,4754.67
CUST-0327,Small Biz,2.92,735.54,48,9721.15
CUST-0328,Small Biz,4.25,1256.55,56,11440.97
CUST-0329,Enterprise,6.76,7777.54,13,289565.49
CUST-0330,Mid-Market,5.79,3603.33,40,39114.03
CUST-0331,Small Biz,1.23,897.24,71,8351.82
CUST-0332,Small Biz,3.88,410.63,50,4397.05
CUST-0333,Mid-Market,6.22,3050.32,40,67337.24
CUST-0334,Enterprise,9.67,13652.37,14,238828.8
CUST-0335,Enterprise,6.58,8293.14,6,473233.13
CUST-0336,Mid-Market,7.29,3835.04,23,102052.49
CUST-0337,Mid-Market,6.04,3978.79,13,86540.64
CUST-0338,Small Biz,1.33,1261.48,85,18038.26
CUST-0339,Enterprise,8.5,19412.66,10,586124.14
CUST-0340,Small Biz,1.14,1595.67,20,5657.51
CUST-0341,Small Biz,3.02,1276.69,83,10212.3
CUST-0342,Small Biz,2.74,1240.75,47,13279.61
CUST-0343,Mid-Market,4.48,5133.07,30,74653.04
CUST-0344,Enterprise,6.23,13792.11,8,495135.33
CUST-0345,Mid-Market,4.07,5376.68,25,129859.7
CUST-0346,Small Biz,4.41,496.15,57,4554.54
CUST-0347,Enterprise,6.92,7450.44,8,194876.31
CUST-0348,Enterprise,7.1,12683.0,10,428889.13
CUST-0349,Small Biz,4.16,1520.22,83,17715.95
CUST-0350,Enterprise,6.61,24919.39,8,933086.3
CUST-0351,Mid-Market,3.59,5753.55,37,103903.79
CUST-0352,Mid-Market,5.83,1718.96,23,32467.15
CUST-0353,Small Biz,3.29,1005.88,78,3116.35
CUST-0354,Enterprise,6.51,10289.46,6,508027.21
CUST-0355,Mid-Market,5.1,4066.27,17,64960.79
CUST-0356,Mid-Market,5.05,3526.59,40,49914.84
CUST-0357,Small Biz,3.38,478.22,22,3695.13
CUST-0358,Small Biz,2.19,1708.42,28,9206.15
CUST-0359,Mid-Market,5.5,1703.87,13,40380.05
CUST-0360,Small Biz,2.82,523.41,75,2448.18
CUST-0361,Small Biz,2.11,889.43,88,10559.16
CUST-0362,Mid-Market,4.85,5227.3,39,98151.06
CUST-0363,Small Biz,2.66,324.96,52,3602.4
CUST-0364,Small Biz,3.04,1495.13,90,4963.48
CUST-0365,Mid-Market,7.37,5023.07,42,104017.52
CUST-0366,Small Biz,3.04,555.77,90,6477.05
CUST-0367,Small Biz,2.33,1532.49,41,5178.05
CUST-0368,Small Biz,1.38,328.41,50,2635.61
CUST-0369,Mid-Market,4.32,3758.19,44,106174.36
CUST-0370,Small Biz,3.58,393.42,27,3628.98
CUST-0371,Small Biz,4.49,1017.56,58,6883.83
CUST-0372,Enterprise,9.47,11846.54,6,537999.79
CUST-0373,Small Biz,3.38,1505.48,43,15537.94
CUST-0374,Enterprise,6.94,16161.73,4,927147.53
CUST-0375,Small Biz,3.7,1357.35,72,9236.07
CUST-0376,Mid-Market,7.23,5079.32,22,72793.6
CUST-0377,Small Biz,2.9,1643.64,60,21072.34
CUST-0378,Small Biz,3.82,735.68,46,10640.7
CUST-0379,Enterprise,9.51,18119.44,12,662420.76
CUST-0380,Mid-Market,5.65,5698.61,22,62798.71
CUST-0381,Small Biz,3.05,663.69,77,3788.38
CUST-0382,Mid-Market,3.9,2986.32,35,30496.26
CUST-0383,Small Biz,1.02,1125.53,30,8872.43
CUST-0384,Small Biz,4.07,1016.17,35,12266.12
CUST-0385,Mid-Market,4.64,1766.23,10,39476.25
CUST-0386,Mid-Market,6.45,5326.5,7,149627.0
CUST-0387,Enterprise,9.35,8515.77,1,509862.41
CUST-0388,Mid-Market,5.48,5714.74,23,155945.82
CUST-0389,Enterprise,8.16,7146.01,6,198696.77
CUST-0390,Small Biz,2.9,1040.87,27,13752.72
CUST-0391,Mid-Market,4.27,2006.91,15,48335.67
CUST-0392,Small Biz,3.52,321.13,53,4010.66
CUST-0393,Small Biz,3.65,563.24,61,7279.24
CUST-0394,Mid-Market,3.85,4511.65,16,133531.64
CUST-0395,Mid-Market,7.24,1530.74,29,20177.4
CUST-0396,Small Biz,4.34,752.92,83,2362.08
CUST-0397,Small Biz,3.42,393.19,25,3375.43
CUST-0398,Enterprise,8.61,23462.12,12,1164726.44
CUST-0399,Small Biz,3.24,1710.95,57,17751.97
CUST-0400,Mid-Market,4.03,2189.34,43,35510.54
CUST-0401,Small Biz,4.19,1436.03,37,17436.73
CUST-0402,Small Biz,3.09,1481.06,77,12383.11
CUST-0403,Small Biz,1.27,1146.25,17,14838.54
CUST-0404,Small Biz,1.71,1104.99,31,7665.77
CUST-0405,Mid-Market,3.96,2424.31,42,45466.03
CUST-0406,Small Biz,2.56,383.45,26,3512.01
CUST-0407,Mid-Market,3.73,3580.7,24,85622.28
CUST-0408,Mid-Market,6.77,4856.12,42,46651.04
CUST-0409,Mid-Market,6.3,3935.24,8,112393.69
CUST-0410,Enterprise,9.55,5634.7,7,130156.84
CUST-0411,Enterprise,8.44,19585.79,7,623821.93
CUST-0412,Small Biz,2.57,1675.67,58,12580.51
CUST-0413,Small Biz,3.32,1108.95,54,4905.55
CUST-0414,Small Biz,2.38,491.02,38,6392.03
CUST-0415,Small Biz,4.42,994.51,79,8045.12
CUST-0416,Mid-Market,4.42,3572.81,14,50249.05
CUST-0417,Small Biz,3.54,469.27,63,4870.59
CUST-0418,Small Biz,4.11,661.0,18,2783.31
CUST-0419,Enterprise,8.27,19065.73,1,495957.54
CUST-0420,Enterprise,7.67,15795.2,13,850853.64
CUST-0421,Enterprise,7.91,10785.27,14,606540.57
CUST-0422,Small Biz,3.02,1458.81,51,8523.61
CUST-0423,Small Biz,4.45,1081.88,62,7146.91
CUST-0424,Enterprise,9.6,22594.28,3,975388.09
CUST-0425,Mid-Market,5.48,5875.31,29,148573.08
CUST-0426,Mid-Market,5.17,2171.48,29,26156.21
CUST-0427,Mid-Market,4.46,2514.05,14,64679.15
CUST-0428,Small Biz,2.97,1751.68,81,16395.55
CUST-0429,Mid-Market,4.52,2986.18,10,84475.97
CUST-0430,Small Biz,1.32,1386.88,34,5018.34
CUST-0431,Mid-Market,5.92,1677.96,9,20369.75
CUST-0432,Small Biz,3.54,1138.28,71,6268.13
CUST-0433,Small Biz,2.06,1663.49,37,23697.94
CUST-0434,Small Biz,1.41,1799.36,71,25142.99
CUST-0435,Small Biz,3.46,894.95,40,8613.85
CUST-0436,Small Biz,2.33,1100.48,55,7374.39
CUST-0437,Mid-Market,7.03,3597.02,35,89047.24
CUST-0438,Mid-Market,4.31,2908.15,7,59255.14
CUST-0439,Mid-Market,4.08,2673.48,42,55451.03
CUST-0440,Mid-Market,4.11,2984.39,29,61285.55
CUST-0441,Mid-Market,5.7,5745.59,26,78491.59
CUST-0442,Small Biz,4.38,1262.54,72,10769.4
CUST-0443,Small Biz,2.23,509.94,79,4517.96
CUST-0444,Small Biz,2.9,1262.71,17,11727.21
CUST-0445,Small Biz,1.26,1526.99,16,18586.62
CUST-0446,Mid-Market,6.87,2541.45,14,20842.72
CUST-0447,Mid-Market,4.99,4280.26,44,120191.98
CUST-0448,Small Biz,1.06,1098.32,62,3451.15
CUST-0449,Mid-Market,4.6,5898.66,6,112362.12
CUST-0450,Small Biz,2.51,1709.57,32,7324.13
CUST-0451,Enterprise,6.57,8838.64,9,232976.11
CUST-0452,Mid-Market,6.68,1855.59,30,33582.38
CUST-0453,Mid-Market,6.29,2849.89,10,63786.77
CUST-0454,Small Biz,3.66,440.25,58,3313.34
CUST-0455,Mid-Market,6.05,4662.8,10,88578.67
CUST-0456,Mid-Market,6.64,4046.35,11,112024.85
CUST-0457,Small Biz,1.8,1651.91,82,14381.53
CUST-0458,Enterprise,6.28,23511.7,9,948883.87
CUST-0459,Enterprise,9.53,11289.69,4,467580.85
CUST-0460,Small Biz,3.49,897.44,19,5915.32
CUST-0461,Small Biz,2.98,1574.16,79,10988.83
CUST-0462,Small Biz,1.49,1782.72,20,16061.44
CUST-0463,Small Biz,1.19,955.63,19,6772.66
CUST-0464,Small Biz,4.34,895.05,51,3003.35
CUST-0465,Mid-Market,7.47,3707.72,27,74772.96
CUST-0466,Mid-Market,4.24,4136.44,29,40889.83
CUST-0467,Small Biz,3.79,1369.66,20,8513.35
CUST-0468,Mid-Market,6.64,2194.25,29,32841.17
CUST-0469,Enterprise,6.02,11165.35,6,550011.75
CUST-0470,Enterprise,6.33,13619.59,9,544283.76
CUST-0471,Mid-Market,3.61,3092.61,10,65354.09
CUST-0472,Small Biz,4.02,318.51,62,2437.75
CUST-0473,Enterprise,9.42,23104.15,4,941221.93
CUST-0474,Enterprise,7.45,7776.8,5,210582.57
CUST-0475,Enterprise,6.64,10519.24,5,387007.14
CUST-0476,Enterprise,6.96,9931.8,11,370566.48
CUST-0477,Small Biz,2.6,503.23,10,7239.41
CUST-0478,Mid-Market,5.98,5118.34,26,90517.35
CUST-0479,Mid-Market,6.79,4429.67,43,48703.06
CUST-0480,Mid-Market,7.29,2403.83,25,28624.86
CUST-0481,Mid-Market,4.78,4806.93,45,90380.67
CUST-0482,Small Biz,1.85,864.08,60,6377.07
CUST-0483,Small Biz,1.7,1795.9,33,20079.15
CUST-0484,Small Biz,4.34,992.43,36,8198.92
CUST-0485,Mid-Market,6.27,5185.35,31,118254.54
CUST-0486,Enterprise,7.15,10053.63,3,474386.94
CUST-0487,Small Biz,1.26,1786.05,71,17837.15
CUST-0488,Mid-Market,7.19,5413.35,31,108051.52
CUST-0489,Small Biz,2.26,1643.25,78,16639.29
CUST-0490,Small Biz,1.38,672.35,55,3359.1
CUST-0491,Small Biz,2.97,1267.55,61,18508.43
CUST-0492,Mid-Market,6.68,1976.75,11,27066.14
CUST-0493,Mid-Market,5.58,4112.33,41,52895.66
CUST-0494,Mid-Market,5.35,4558.0,37,51580.1
CUST-0495,Small Biz,2.69,743.15,20,3264.53
CUST-0496,Small Biz,1.5,767.84,68,9529.85
CUST-0497,Mid-Market,4.89,1939.3,33,29120.55
CUST-0498,Mid-Market,6.74,2017.88,26,44908.6
CUST-0499,Small Biz,1.58,1775.85,41,16323.48
CUST-0500,Small Biz,2.16,939.55,69,5432.73
