period_id,date,revenue,operating_expenses,gross_margin_ratio,net_margin_ratio,liquid_cash_reserves,accounts_receivable,ar_aging_over_45_days,debt_to_equity_ratio,monthly_burn_rate,cash_deficit_30d
2023-01,2023-01-01,191428.11,58862.04,0.3878,0.0803,66425.36,46679.07,7175.04,1.84,64891.55,0
2023-01,2023-01-31,206844.52,70508.14,0.4677,0.1268,38417.53,51625.67,8515.21,1.02,72815.42,1
2023-03,2023-03-03,171835.04,57509.46,0.3869,0.0522,140787.5,62880.05,16911.09,0.64,56733.59,0
2023-04,2023-04-02,207078.83,80675.37,0.4774,0.0878,46412.86,84189.44,28240.66,1.12,84556.27,1
2023-05,2023-05-03,199011.71,62745.2,0.4609,0.1456,141625.77,50374.18,10369.08,1.29,60354.64,0
2023-06,2023-06-02,219666.14,73034.81,0.4976,0.1651,57855.67,46208.99,15047.71,1.52,71901.26,0
2023-07,2023-07-03,183484.07,66107.3,0.3861,0.0258,112125.42,77863.4,9515.9,0.99,70585.23,0
2023-08,2023-08-02,201570.36,61028.56,0.4001,0.0973,148337.97,86834.22,23346.37,0.99,67914.51,0
2023-09,2023-09-02,218860.79,78610.53,0.4104,0.0512,141210.04,73088.14,26745.33,0.75,73594.89,0
2023-10,2023-10-02,226128.45,84659.41,0.4143,0.0399,97355.93,85883.0,31730.91,1.63,87441.54,0
2023-11,2023-11-02,190299.15,73921.48,0.3996,0.0112,102233.42,66128.23,8533.3,0.65,72107.43,0
2023-12,2023-12-02,191025.71,76601.8,0.4237,0.0227,139693.49,55143.32,18821.86,1.1,83141.65,0
2024-01,2024-01-02,183785.22,72759.53,0.49,0.0941,103315.86,39403.98,4738.79,1.28,62630.39,0
2024-02,2024-02-01,221382.75,82941.53,0.4749,0.1002,36451.09,81678.43,23286.49,1.37,77896.84,1
2024-03,2024-03-03,203672.55,77232.72,0.5049,0.1257,137171.4,83303.62,19430.53,0.73,76739.78,0
2024-04,2024-04-02,218235.88,75594.59,0.4425,0.0961,135279.98,62627.62,10793.89,1.57,75175.33,0
2024-05,2024-05-03,191061.17,65121.16,0.4405,0.0997,146398.76,63679.8,13033.1,1.06,62595.28,0
2024-06,2024-06-02,219087.77,78256.81,0.4025,0.0453,35285.72,81209.3,8122.2,1.32,81278.31,1
2024-07,2024-07-03,239921.32,73271.05,0.3855,0.0801,50918.38,54074.59,6174.54,1.44,80550.17,1
2024-08,2024-08-02,236616.99,90594.79,0.4549,0.072,75446.27,92892.23,14653.8,1.76,91258.77,0
2024-09,2024-09-02,218774.8,67621.01,0.5079,0.1988,144005.45,53137.36,5313.92,1.6,61172.57,0
2024-10,2024-10-02,229369.28,84547.7,0.4337,0.0651,89455.0,46618.46,4942.12,1.56,88649.18,0
2024-11,2024-11-02,218182.0,65670.85,0.5081,0.2071,42822.7,91873.17,14036.22,0.75,58173.24,0
2024-12,2024-12-02,247207.16,71152.79,0.4155,0.1277,42406.48,81478.96,23966.55,0.72,80967.64,0
2025-01,2025-01-02,202393.93,56877.21,0.4072,0.1262,123161.51,86896.77,10017.36,1.49,54443.46,0
2025-02,2025-02-01,226927.29,92536.0,0.437,0.0292,84850.1,59010.06,15026.21,0.69,83396.12,0
2025-03,2025-03-04,215328.95,65562.24,0.4841,0.1796,150181.81,64575.99,8555.76,0.73,73133.67,0
2025-04,2025-04-03,207306.75,62062.34,0.4506,0.1512,131858.66,46195.65,7291.03,1.06,67512.79,0
2025-05,2025-05-04,215847.43,63632.28,0.3872,0.0924,91334.82,49201.91,5067.45,0.55,59856.84,0
2025-06,2025-06-03,238069.93,97351.42,0.4599,0.051,117678.08,52031.83,18833.22,1.3,110973.43,0
2025-07,2025-07-04,220312.09,89876.65,0.4919,0.0839,84922.73,77762.82,7815.16,1.19,97477.86,0
2025-08,2025-08-03,240896.03,80653.47,0.4018,0.067,42705.15,64065.72,8305.69,1.2,72731.23,1
2025-09,2025-09-03,219178.18,90567.55,0.4339,0.0207,92669.12,49859.01,14337.33,1.07,85036.75,0
2025-10,2025-10-03,260710.55,79228.71,0.5057,0.2018,142825.82,64844.38,19704.33,1.81,77453.42,0
2025-11,2025-11-03,253072.98,80858.85,0.497,0.1775,60660.94,111171.98,14199.31,1.03,74415.57,0
2025-12,2025-12-03,216199.2,89846.81,0.4606,0.045,62910.32,76711.11,27402.64,1.65,94208.67,0
