log_id,employee_id,department,tasks_assigned,tasks_completed,avg_completion_time_days,absenteeism_rate,workload_density_ratio,team_performance_index,task_delay_days
HRLOG-000001,EMP-001,Operations,18,17,1.06,0.007,16.47,99.2,0.0
HRLOG-000002,EMP-002,Engineering,26,24,2.52,0.109,26.24,93.2,1.18
HRLOG-000003,EMP-003,Logistics,24,21,1.57,0.035,22.54,90.8,0.45
HRLOG-000004,EMP-004,Engineering,24,20,2.96,0.046,22.77,86.9,0.85
HRLOG-000005,EMP-005,Engineering,23,23,2.19,0.009,21.08,99.8,0.0
HRLOG-000006,EMP-006,Operations,15,12,0.5,0.012,13.79,84.9,0.0
HRLOG-000007,EMP-007,Operations,19,17,0.81,0.133,19.65,92.7,0.05
HRLOG-000008,EMP-008,Engineering,14,9,2.81,0.089,13.85,70.4,0.12
HRLOG-000009,EMP-009,Engineering,13,9,2.98,0.084,12.8,79.3,0.8
HRLOG-000010,EMP-010,Sales,15,14,0.64,0.043,14.19,94.0,0.35
HRLOG-000011,EMP-011,Sales,20,14,0.8,0.079,19.59,77.6,0.99
HRLOG-000012,EMP-012,Operations,13,10,1.59,0.162,13.86,82.5,1.2
HRLOG-000013,EMP-013,Operations,24,20,0.5,0.018,22.18,88.2,0.47
HRLOG-000014,EMP-014,Engineering,23,14,3.49,0.07,22.33,69.5,0.87
HRLOG-000015,EMP-015,Sales,19,13,0.85,0.063,18.32,76.5,0.85
HRLOG-000016,EMP-016,Sales,26,26,2.16,0.02,24.07,99.6,0.44
HRLOG-000017,EMP-017,Sales,30,20,1.9,0.114,30.43,72.7,2.13
HRLOG-000018,EMP-018,Logistics,20,17,1.3,0.105,20.1,86.0,0.32
HRLOG-000019,EMP-019,Logistics,19,18,2.13,0.042,17.96,96.5,0.4
HRLOG-000020,EMP-020,Engineering,10,8,2.77,0.055,9.57,83.2,0.0
HRLOG-000021,EMP-021,Sales,26,26,1.75,0.006,23.77,99.9,0.44
HRLOG-000022,EMP-022,Engineering,13,11,2.37,0.05,12.38,91.6,0.0
HRLOG-000023,EMP-023,Engineering,29,23,1.63,0.102,29.06,82.7,1.17
HRLOG-000024,EMP-024,Operations,10,8,1.02,0.112,10.12,86.5,0.21
HRLOG-000025,EMP-025,Logistics,28,28,0.9,0.062,26.97,98.8,0.53
HRLOG-000026,EMP-026,Logistics,11,10,0.72,0.178,11.93,94.2,0.89
HRLOG-000027,EMP-027,Sales,28,25,0.5,0.034,26.27,92.9,0.78
HRLOG-000028,EMP-028,Sales,17,9,1.55,0.203,18.95,61.7,2.2
HRLOG-000029,EMP-029,Engineering,30,22,2.6,0.077,29.33,78.9,1.35
HRLOG-000030,EMP-030,Logistics,17,15,2.05,0.165,18.18,90.2,1.07
HRLOG-000031,EMP-031,Operations,15,13,1.37,0.056,14.37,93.2,0.22
HRLOG-000032,EMP-032,Operations,14,10,0.82,0.039,13.2,81.9,0.01
HRLOG-000033,EMP-033,Operations,15,14,0.5,0.009,13.75,96.8,0.0
HRLOG-000034,EMP-034,Operations,15,14,1.8,0.038,14.12,95.3,0.0
HRLOG-000035,EMP-035,Logistics,20,15,1.44,0.113,20.26,77.9,1.43
HRLOG-000036,EMP-036,Operations,8,6,0.79,0.024,7.43,80.5,0.0
HRLOG-000037,EMP-037,Operations,13,10,0.62,0.014,11.97,85.7,0.04
HRLOG-000038,EMP-038,Logistics,19,15,0.88,0.12,19.39,83.7,1.35
HRLOG-000039,EMP-039,Logistics,20,14,1.37,0.037,18.81,77.7,0.7
HRLOG-000040,EMP-040,Operations,9,6,1.26,0.052,8.59,80.6,0.0
HRLOG-000041,EMP-041,Logistics,29,22,0.5,0.06,27.88,79.6,1.47
HRLOG-000042,EMP-042,Logistics,26,22,0.84,0.154,27.48,85.3,2.32
HRLOG-000043,EMP-043,Engineering,23,23,2.29,0.028,21.46,99.4,0.26
HRLOG-000044,EMP-044,Logistics,27,25,1.3,0.048,25.67,93.7,0.7
HRLOG-000045,EMP-045,Engineering,27,21,3.12,0.085,26.6,81.9,1.92
HRLOG-000046,EMP-046,Engineering,23,17,1.77,0.057,22.05,78.8,0.93
HRLOG-000047,EMP-047,Logistics,10,8,2.67,0.155,10.58,82.6,0.3
HRLOG-000048,EMP-048,Sales,17,15,0.5,0.012,15.62,91.1,0.2
HRLOG-000049,EMP-049,Logistics,18,14,0.96,0.093,17.87,83.4,1.3
HRLOG-000050,EMP-050,Logistics,9,7,2.13,0.166,9.64,79.5,0.39
HRLOG-000051,EMP-051,Engineering,12,10,3.3,0.115,12.18,87.7,0.56
HRLOG-000052,EMP-052,Sales,10,7,0.66,0.1,10.0,78.1,0.24
HRLOG-000053,EMP-053,Sales,27,20,0.7,0.172,29.09,76.8,2.03
HRLOG-000054,EMP-054,Operations,27,18,1.18,0.032,25.28,73.5,1.48
HRLOG-000055,EMP-055,Engineering,24,21,1.67,0.056,22.99,90.6,0.92
HRLOG-000056,EMP-056,Operations,23,20,1.16,0.056,22.03,89.4,1.64
HRLOG-000057,EMP-057,Sales,11,9,1.02,0.013,10.12,85.2,0.0
HRLOG-000058,EMP-058,Sales,23,21,1.27,0.07,22.33,92.5,0.85
HRLOG-000059,EMP-059,Logistics,17,12,0.73,0.064,16.41,78.6,0.0
HRLOG-000060,EMP-060,Engineering,28,18,3.41,0.066,27.08,71.8,1.85
HRLOG-000061,EMP-061,Operations,21,21,0.63,0.065,20.29,98.7,0.86
HRLOG-000062,EMP-062,Engineering,22,18,2.3,0.068,21.32,86.2,1.14
HRLOG-000063,EMP-063,Logistics,12,9,1.26,0.026,11.17,84.3,0.0
HRLOG-000064,EMP-064,Engineering,26,25,1.94,0.096,25.9,95.5,0.95
HRLOG-000065,EMP-065,Logistics,10,8,1.98,0.126,10.27,87.3,0.0
HRLOG-000066,EMP-066,Operations,13,11,1.2,0.025,12.09,92.5,0.0
HRLOG-000067,EMP-067,Logistics,29,21,1.11,0.046,27.51,77.3,1.88
HRLOG-000068,EMP-068,Engineering,26,23,2.78,0.077,25.42,91.0,1.36
HRLOG-000069,EMP-069,Sales,23,14,1.04,0.069,22.31,70.7,1.61
HRLOG-000070,EMP-070,Logistics,25,24,1.07,0.034,23.45,96.8,0.67
HRLOG-000071,EMP-071,Engineering,20,16,2.45,0.022,18.55,85.2,0.08
HRLOG-000072,EMP-072,Engineering,9,6,2.43,0.017,8.31,80.1,0.0
HRLOG-000073,EMP-073,Operations,28,23,0.5,0.036,26.32,85.4,1.33
HRLOG-000074,EMP-074,Operations,24,20,2.27,0.014,22.1,88.3,0.22
HRLOG-000075,EMP-075,Operations,21,18,1.14,0.026,19.55,90.1,0.62
HRLOG-000076,EMP-076,Operations,17,17,0.55,0.079,16.65,98.4,1.0
HRLOG-000077,EMP-077,Operations,19,15,0.5,0.114,19.27,82.3,0.37
HRLOG-000078,EMP-078,Operations,15,13,1.08,0.089,14.84,90.4,0.21
HRLOG-000079,EMP-079,Engineering,12,9,1.56,0.069,11.64,82.8,0.43
HRLOG-000080,EMP-080,Engineering,27,20,2.94,0.027,25.16,80.0,1.1
HRLOG-000081,EMP-081,Engineering,22,20,1.26,0.021,20.39,93.4,0.21
HRLOG-000082,EMP-082,Sales,9,6,1.36,0.057,8.63,76.5,0.0
HRLOG-000083,EMP-083,Logistics,17,14,0.85,0.071,16.52,85.5,0.9
HRLOG-000084,EMP-084,Engineering,20,16,1.91,0.098,19.96,86.0,0.99
HRLOG-000085,EMP-085,Engineering,14,9,2.56,0.137,14.54,69.2,0.71
HRLOG-000086,EMP-086,Operations,27,20,1.74,0.083,26.55,78.0,2.09
HRLOG-000087,EMP-087,Logistics,23,16,0.91,0.142,24.01,76.1,1.45
HRLOG-000088,EMP-088,Engineering,11,8,2.29,0.129,11.33,82.0,0.57
HRLOG-000089,EMP-089,Engineering,15,13,2.76,0.02,13.89,90.9,0.11
HRLOG-000090,EMP-090,Operations,16,9,1.31,0.081,15.7,64.9,0.25
HRLOG-000091,EMP-091,Operations,8,6,0.88,0.041,7.55,80.9,0.13
HRLOG-000092,EMP-092,Logistics,30,21,1.14,0.128,30.86,73.6,2.42
HRLOG-000093,EMP-093,Logistics,24,19,1.36,0.105,24.12,84.3,1.6
HRLOG-000094,EMP-094,Sales,14,10,0.5,0.069,13.58,77.8,0.29
HRLOG-000095,EMP-095,Logistics,25,24,0.55,0.032,23.41,97.7,0.13
HRLOG-000096,EMP-096,Logistics,11,10,1.32,0.03,10.28,92.9,0.09
HRLOG-000097,EMP-097,Operations,29,20,1.74,0.236,33.56,72.7,3.38
HRLOG-000098,EMP-098,Operations,23,22,1.05,0.041,21.72,97.2,0.72
HRLOG-000099,EMP-099,Engineering,23,20,1.41,0.076,22.46,88.5,1.31
HRLOG-000100,EMP-100,Logistics,26,24,1.13,0.024,24.16,95.7,0.32
HRLOG-000101,EMP-001,Operations,12,11,1.95,0.069,11.64,94.4,0.19
HRLOG-000102,EMP-002,Engineering,20,16,1.91,0.046,18.98,84.0,0.49
HRLOG-000103,EMP-003,Logistics,8,7,0.5,0.059,7.68,89.9,0.09
HRLOG-000104,EMP-004,Engineering,9,7,2.27,0.05,8.57,81.3,0.0
HRLOG-000105,EMP-005,Engineering,30,27,2.33,0.036,28.2,92.7,1.07
HRLOG-000106,EMP-006,Operations,14,13,0.62,0.017,12.93,99.6,0.0
HRLOG-000107,EMP-007,Operations,19,14,0.94,0.135,19.69,78.2,1.01
HRLOG-000108,EMP-008,Engineering,23,21,1.99,0.024,21.38,94.9,0.17
HRLOG-000109,EMP-009,Engineering,15,13,2.12,0.065,14.49,90.0,0.0
HRLOG-000110,EMP-010,Sales,16,12,1.33,0.02,14.81,80.2,0.35
HRLOG-000111,EMP-011,Sales,8,6,0.96,0.126,8.21,81.5,0.81
HRLOG-000112,EMP-012,Operations,23,16,1.51,0.196,25.44,71.9,2.57
HRLOG-000113,EMP-013,Operations,21,16,1.14,0.121,21.45,78.8,1.69
HRLOG-000114,EMP-014,Engineering,26,23,2.26,0.06,25.0,89.8,1.55
HRLOG-000115,EMP-015,Sales,19,13,0.82,0.312,24.11,71.4,3.13
HRLOG-000116,EMP-016,Sales,10,8,1.41,0.035,9.39,83.3,0.27
HRLOG-000117,EMP-017,Sales,20,18,1.23,0.115,20.3,89.8,0.75
HRLOG-000118,EMP-018,Logistics,29,23,0.73,0.094,28.83,82.5,1.76
HRLOG-000119,EMP-019,Logistics,23,19,1.37,0.022,21.34,88.9,0.22
HRLOG-000120,EMP-020,Engineering,11,10,2.21,0.029,10.27,94.8,0.0
HRLOG-000121,EMP-021,Sales,28,18,1.65,0.115,28.43,71.4,1.95
HRLOG-000122,EMP-022,Engineering,12,11,2.27,0.026,11.17,99.0,0.26
HRLOG-000123,EMP-023,Engineering,23,23,2.57,0.045,21.8,99.1,0.57
HRLOG-000124,EMP-024,Operations,8,7,0.99,0.035,7.51,92.5,0.0
HRLOG-000125,EMP-025,Logistics,20,18,0.5,0.025,18.6,95.3,0.83
HRLOG-000126,EMP-026,Logistics,22,19,1.3,0.038,20.72,91.8,0.2
HRLOG-000127,EMP-027,Sales,16,12,0.87,0.08,15.69,81.2,0.5
HRLOG-000128,EMP-028,Sales,21,14,1.03,0.018,19.41,75.2,0.43
HRLOG-000129,EMP-029,Engineering,9,7,2.17,0.102,9.02,86.8,0.0
HRLOG-000130,EMP-030,Logistics,25,19,0.5,0.092,24.8,80.4,1.74
HRLOG-000131,EMP-031,Operations,30,29,1.07,0.029,28.01,98.3,1.03
HRLOG-000132,EMP-032,Operations,27,23,0.62,0.075,26.34,87.4,0.51
HRLOG-000133,EMP-033,Operations,14,13,1.46,0.067,13.55,96.5,0.0
HRLOG-000134,EMP-034,Operations,17,13,2.01,0.084,16.73,81.9,0.48
HRLOG-000135,EMP-035,Logistics,8,6,1.7,0.106,8.05,78.8,0.53
HRLOG-000136,EMP-036,Operations,23,21,2.47,0.047,21.84,92.9,1.05
HRLOG-000137,EMP-037,Operations,17,17,1.22,0.009,15.58,99.8,0.0
HRLOG-000138,EMP-038,Logistics,27,24,1.41,0.038,25.42,92.0,0.75
HRLOG-000139,EMP-039,Logistics,27,20,1.19,0.022,25.05,80.9,0.9
HRLOG-000140,EMP-040,Operations,14,14,0.5,0.063,13.5,98.7,0.0
HRLOG-000141,EMP-041,Logistics,9,8,1.91,0.076,8.79,95.1,0.09
HRLOG-000142,EMP-042,Logistics,24,20,1.26,0.064,23.17,85.6,0.95
HRLOG-000143,EMP-043,Engineering,30,21,3.65,0.032,28.09,76.7,1.52
HRLOG-000144,EMP-044,Logistics,17,12,0.5,0.198,18.85,75.7,2.29
HRLOG-000145,EMP-045,Engineering,8,6,1.15,0.087,7.9,84.2,0.3
HRLOG-000146,EMP-046,Engineering,25,22,0.77,0.014,23.02,93.0,0.79
HRLOG-000147,EMP-047,Logistics,16,12,2.56,0.165,17.11,79.5,0.77
HRLOG-000148,EMP-048,Sales,25,19,0.82,0.122,25.56,79.0,2.24
HRLOG-000149,EMP-049,Logistics,23,17,1.38,0.076,22.46,78.8,1.07
HRLOG-000150,EMP-050,Logistics,26,23,1.22,0.038,24.48,90.0,0.0
HRLOG-000151,EMP-051,Engineering,14,12,2.72,0.061,13.47,91.7,0.0
HRLOG-000152,EMP-052,Sales,15,11,1.27,0.224,17.12,75.7,1.31
HRLOG-000153,EMP-053,Sales,29,29,1.25,0.056,27.78,98.9,1.43
HRLOG-000154,EMP-054,Operations,29,23,0.51,0.028,27.05,82.9,1.34
HRLOG-000155,EMP-055,Engineering,15,11,1.28,0.04,14.15,78.6,0.12
HRLOG-000156,EMP-056,Operations,20,16,1.17,0.13,20.62,82.2,1.23
HRLOG-000157,EMP-057,Sales,20,17,1.74,0.025,18.6,88.7,0.16
HRLOG-000158,EMP-058,Sales,27,18,0.91,0.09,26.73,73.9,1.55
HRLOG-000159,EMP-059,Logistics,19,13,2.28,0.085,18.72,77.1,0.82
HRLOG-000160,EMP-060,Engineering,30,22,2.39,0.094,29.82,78.5,1.75
HRLOG-000161,EMP-061,Operations,18,14,1.48,0.133,18.61,80.9,1.06
HRLOG-000162,EMP-062,Engineering,22,16,2.19,0.018,20.33,79.2,1.88
HRLOG-000163,EMP-063,Logistics,26,19,2.08,0.142,27.14,77.6,1.1
HRLOG-000164,EMP-064,Engineering,20,16,3.4,0.011,18.37,86.0,0.06
HRLOG-000165,EMP-065,Logistics,21,19,2.12,0.029,19.61,93.4,0.23
HRLOG-000166,EMP-066,Operations,8,6,1.42,0.005,7.31,88.8,0.0
HRLOG-000167,EMP-067,Logistics,16,15,1.23,0.002,14.57,95.3,0.0
HRLOG-000168,EMP-068,Engineering,12,9,1.33,0.085,11.82,82.4,0.21
HRLOG-000169,EMP-069,Sales,17,13,1.39,0.046,16.13,81.1,0.58
HRLOG-000170,EMP-070,Logistics,12,11,2.14,0.085,11.82,94.1,0.2
HRLOG-000171,EMP-071,Engineering,16,13,3.05,0.058,15.36,84.1,0.52
HRLOG-000172,EMP-072,Engineering,25,19,2.63,0.143,26.12,80.1,1.37
HRLOG-000173,EMP-073,Operations,16,14,1.49,0.123,16.38,87.7,0.62
HRLOG-000174,EMP-074,Operations,10,8,1.65,0.061,9.62,83.4,0.0
HRLOG-000175,EMP-075,Operations,18,13,0.5,0.158,19.11,74.7,1.78
HRLOG-000176,EMP-076,Operations,19,17,1.42,0.164,20.3,89.7,0.99
HRLOG-000177,EMP-077,Operations,26,22,1.02,0.183,28.35,85.1,2.17
HRLOG-000178,EMP-078,Operations,25,18,0.5,0.123,25.59,75.8,1.16
HRLOG-000179,EMP-079,Engineering,28,23,2.69,0.083,27.53,86.0,0.65
HRLOG-000180,EMP-080,Engineering,28,25,2.57,0.05,26.67,91.9,1.05
HRLOG-000181,EMP-081,Engineering,13,11,2.36,0.075,12.68,87.5,0.0
HRLOG-000182,EMP-082,Sales,20,18,0.5,0.122,20.45,91.5,0.63
HRLOG-000183,EMP-083,Logistics,21,17,0.83,0.047,19.94,84.5,0.97
HRLOG-000184,EMP-084,Engineering,15,12,2.51,0.017,13.85,88.7,0.31
HRLOG-000185,EMP-085,Engineering,21,15,2.51,0.124,21.52,75.2,0.8
HRLOG-000186,EMP-086,Operations,8,6,1.71,0.265,9.58,80.1,1.13
HRLOG-000187,EMP-087,Logistics,12,9,1.25,0.082,11.79,83.4,0.0
HRLOG-000188,EMP-088,Engineering,21,15,2.78,0.008,19.23,79.1,0.57
HRLOG-000189,EMP-089,Engineering,22,18,2.03,0.065,21.26,86.4,1.11
HRLOG-000190,EMP-090,Operations,28,19,0.95,0.115,28.43,74.3,2.78
HRLOG-000191,EMP-091,Operations,14,11,1.16,0.059,13.45,82.0,0.61
HRLOG-000192,EMP-092,Logistics,8,5,2.34,0.045,7.58,75.3,0.11
HRLOG-000193,EMP-093,Logistics,26,20,1.46,0.042,24.57,83.4,0.33
HRLOG-000194,EMP-094,Sales,12,10,1.26,0.086,11.83,85.5,0.0
HRLOG-000195,EMP-095,Logistics,21,17,0.9,0.077,20.53,85.9,0.97
HRLOG-000196,EMP-096,Logistics,27,24,1.18,0.068,26.16,92.4,0.73
HRLOG-000197,EMP-097,Operations,15,13,1.68,0.027,13.98,93.5,0.0
HRLOG-000198,EMP-098,Operations,22,19,1.78,0.122,22.49,90.2,0.78
HRLOG-000199,EMP-099,Engineering,29,18,3.42,0.044,27.46,69.7,1.78
HRLOG-000200,EMP-100,Logistics,28,23,2.07,0.073,27.26,86.9,1.74
HRLOG-000201,EMP-001,Operations,24,16,1.04,0.18,26.09,69.9,1.92
HRLOG-000202,EMP-002,Engineering,22,19,3.63,0.045,20.85,90.2,0.89
HRLOG-000203,EMP-003,Logistics,17,13,0.71,0.014,15.65,83.6,0.0
HRLOG-000204,EMP-004,Engineering,30,22,3.03,0.049,28.54,80.1,0.86
HRLOG-000205,EMP-005,Engineering,11,9,2.5,0.063,10.61,86.1,0.0
HRLOG-000206,EMP-006,Operations,12,8,0.6,0.253,14.17,70.2,2.01
HRLOG-000207,EMP-007,Operations,28,27,2.34,0.044,26.52,98.7,0.61
HRLOG-000208,EMP-008,Engineering,11,8,3.12,0.013,10.12,78.8,0.14
HRLOG-000209,EMP-009,Engineering,30,27,3.56,0.02,27.78,92.4,1.31
HRLOG-000210,EMP-010,Sales,13,11,1.32,0.126,13.35,86.0,0.99
HRLOG-000211,EMP-011,Sales,23,19,0.61,0.067,22.27,85.7,1.27
HRLOG-000212,EMP-012,Operations,13,12,1.14,0.051,12.39,95.9,0.2
HRLOG-000213,EMP-013,Operations,29,29,0.87,0.015,26.73,99.7,1.1
HRLOG-000214,EMP-014,Engineering,23,18,2.82,0.055,22.01,82.7,0.58
HRLOG-000215,EMP-015,Sales,23,16,1.57,0.017,21.24,78.6,0.42
HRLOG-000216,EMP-016,Sales,11,7,1.69,0.04,10.38,74.9,0.0
HRLOG-000217,EMP-017,Sales,28,21,0.91,0.101,28.03,79.0,2.12
HRLOG-000218,EMP-018,Logistics,27,21,1.44,0.066,26.11,82.0,1.61
HRLOG-000219,EMP-019,Logistics,21,17,1.83,0.089,20.77,85.4,1.18
HRLOG-000220,EMP-020,Engineering,17,15,2.11,0.102,17.03,88.7,0.61
HRLOG-000221,EMP-021,Sales,30,25,2.4,0.086,29.59,86.3,1.83
HRLOG-000222,EMP-022,Engineering,29,25,1.89,0.109,29.26,89.5,2.07
HRLOG-000223,EMP-023,Engineering,16,12,3.23,0.138,16.63,78.6,0.89
HRLOG-000224,EMP-024,Operations,8,6,1.24,0.095,7.96,85.1,0.0
HRLOG-000225,EMP-025,Logistics,9,7,0.5,0.017,8.31,87.7,0.0
HRLOG-000226,EMP-026,Logistics,22,18,1.22,0.162,23.45,85.0,1.68
HRLOG-000227,EMP-027,Sales,17,12,1.63,0.075,16.59,76.9,0.89
HRLOG-000228,EMP-028,Sales,24,19,0.88,0.017,22.16,83.5,1.16
HRLOG-000229,EMP-029,Engineering,9,6,2.54,0.056,8.62,75.4,0.0
HRLOG-000230,EMP-030,Logistics,18,13,1.31,0.167,19.29,74.6,2.24
HRLOG-000231,EMP-031,Operations,11,9,0.5,0.012,10.11,90.6,0.56
HRLOG-000232,EMP-032,Operations,18,14,0.98,0.069,17.46,84.6,0.19
HRLOG-000233,EMP-033,Operations,23,20,0.51,0.204,25.67,87.2,2.01
HRLOG-000234,EMP-034,Operations,24,20,1.09,0.094,23.86,85.2,2.14
HRLOG-000235,EMP-035,Logistics,13,13,1.08,0.088,12.85,98.2,0.12
HRLOG-000236,EMP-036,Operations,15,11,1.46,0.02,13.89,79.3,0.0
HRLOG-000237,EMP-037,Operations,24,18,0.92,0.052,22.9,79.6,1.05
HRLOG-000238,EMP-038,Logistics,19,17,1.01,0.017,17.54,93.0,0.05
HRLOG-000239,EMP-039,Logistics,26,22,2.25,0.037,24.46,87.6,0.31
HRLOG-000240,EMP-040,Operations,25,18,1.27,0.068,24.22,79.3,1.63
HRLOG-000241,EMP-041,Logistics,25,16,1.4,0.03,23.36,73.1,1.26
HRLOG-000242,EMP-042,Logistics,13,8,1.9,0.039,12.25,74.1,0.0
HRLOG-000243,EMP-043,Engineering,27,26,2.89,0.032,25.28,96.7,0.53
HRLOG-000244,EMP-044,Logistics,9,7,1.35,0.022,8.35,84.5,0.0
HRLOG-000245,EMP-045,Engineering,19,15,2.65,0.061,18.29,84.9,0.98
HRLOG-000246,EMP-046,Engineering,13,8,1.79,0.399,18.54,63.6,2.9
HRLOG-000247,EMP-047,Logistics,27,20,2.2,0.119,27.52,79.0,1.19
HRLOG-000248,EMP-048,Sales,16,13,1.32,0.069,15.52,87.4,1.09
HRLOG-000249,EMP-049,Logistics,12,8,0.5,0.084,11.81,73.8,0.4
HRLOG-000250,EMP-050,Logistics,13,10,1.36,0.066,12.57,81.7,0.0
HRLOG-000251,EMP-051,Engineering,8,6,1.32,0.051,7.63,88.5,0.0
HRLOG-000252,EMP-052,Sales,26,24,1.35,0.063,25.07,94.2,0.95
HRLOG-000253,EMP-053,Sales,29,23,2.08,0.078,28.38,83.2,1.34
HRLOG-000254,EMP-054,Operations,19,14,1.19,0.029,17.74,81.0,0.67
HRLOG-000255,EMP-055,Engineering,12,7,2.61,0.088,11.86,70.6,1.02
HRLOG-000256,EMP-056,Operations,29,22,0.72,0.1,29.0,80.5,1.44
HRLOG-000257,EMP-057,Sales,28,22,0.69,0.054,26.77,82.9,1.69
HRLOG-000258,EMP-058,Sales,27,19,1.61,0.051,25.74,77.8,1.22
HRLOG-000259,EMP-059,Logistics,17,11,1.2,0.025,15.81,75.7,0.07
HRLOG-000260,EMP-060,Engineering,30,26,4.33,0.042,28.36,90.3,0.64
HRLOG-000261,EMP-061,Operations,28,24,0.5,0.135,29.02,87.4,2.36
HRLOG-000262,EMP-062,Engineering,24,16,3.07,0.037,22.58,73.9,0.78
HRLOG-000263,EMP-063,Logistics,24,18,1.2,0.134,24.84,78.4,2.28
HRLOG-000264,EMP-064,Engineering,14,14,2.88,0.042,13.23,99.2,0.0
HRLOG-000265,EMP-065,Logistics,16,13,0.5,0.077,15.64,86.7,0.46
HRLOG-000266,EMP-066,Operations,24,24,2.03,0.004,21.9,99.9,0.0
HRLOG-000267,EMP-067,Logistics,13,12,0.5,0.079,12.73,93.3,0.53
HRLOG-000268,EMP-068,Engineering,20,14,1.85,0.073,19.47,75.4,1.06
HRLOG-000269,EMP-069,Sales,12,8,0.63,0.042,11.34,75.6,0.29
HRLOG-000270,EMP-070,Logistics,22,20,2.33,0.035,20.66,94.6,0.28
HRLOG-000271,EMP-071,Engineering,30,25,1.92,0.166,32.12,84.4,2.25
HRLOG-000272,EMP-072,Engineering,15,14,2.49,0.138,15.59,92.8,0.28
HRLOG-000273,EMP-073,Operations,26,22,0.83,0.167,27.87,85.9,1.66
HRLOG-000274,EMP-074,Operations,22,14,1.58,0.048,20.91,72.5,0.78
HRLOG-000275,EMP-075,Operations,21,19,1.86,0.075,20.49,94.6,1.01
HRLOG-000276,EMP-076,Operations,16,14,1.09,0.153,16.9,91.8,0.93
HRLOG-000277,EMP-077,Operations,26,26,1.5,0.026,24.21,99.5,0.26
HRLOG-000278,EMP-078,Operations,8,7,1.15,0.004,7.3,98.7,0.0
HRLOG-000279,EMP-079,Engineering,10,7,3.34,0.074,9.75,77.9,0.0
HRLOG-000280,EMP-080,Engineering,10,7,2.52,0.088,9.88,76.0,1.1
HRLOG-000281,EMP-081,Engineering,28,24,1.54,0.021,25.95,90.7,0.35
HRLOG-000282,EMP-082,Sales,14,10,0.65,0.078,13.7,80.8,0.16
HRLOG-000283,EMP-083,Logistics,18,14,1.94,0.092,17.86,81.8,1.15
HRLOG-000284,EMP-084,Engineering,19,14,1.68,0.065,18.36,78.6,1.09
HRLOG-000285,EMP-085,Engineering,12,9,2.18,0.019,11.1,79.7,0.0
HRLOG-000286,EMP-086,Operations,12,10,1.41,0.063,11.57,88.0,0.0
HRLOG-000287,EMP-087,Logistics,17,15,2.19,0.04,16.04,90.1,0.04
HRLOG-000288,EMP-088,Engineering,29,25,2.18,0.116,29.47,87.7,2.52
HRLOG-000289,EMP-089,Engineering,13,12,2.04,0.058,12.48,94.6,0.0
HRLOG-000290,EMP-090,Operations,26,19,1.77,0.029,24.28,79.7,0.88
HRLOG-000291,EMP-091,Operations,17,10,1.7,0.105,17.09,66.7,0.95
HRLOG-000292,EMP-092,Logistics,11,9,2.23,0.016,10.15,90.3,0.0
HRLOG-000293,EMP-093,Logistics,12,7,1.47,0.046,11.39,72.1,0.0
HRLOG-000294,EMP-094,Sales,19,13,1.58,0.168,20.39,75.2,1.88
HRLOG-000295,EMP-095,Logistics,16,14,1.8,0.015,14.75,92.0,0.36
HRLOG-000296,EMP-096,Logistics,15,12,1.8,0.044,14.2,84.7,0.0
HRLOG-000297,EMP-097,Operations,11,9,1.19,0.05,10.48,87.0,0.0
HRLOG-000298,EMP-098,Operations,12,9,1.72,0.023,11.14,84.2,0.2
HRLOG-000299,EMP-099,Engineering,22,17,2.49,0.021,20.39,84.5,0.06
HRLOG-000300,EMP-100,Logistics,13,10,1.39,0.037,12.23,86.7,0.05
HRLOG-000301,EMP-001,Operations,24,23,0.5,0.024,22.3,98.9,0.67
HRLOG-000302,EMP-002,Engineering,18,11,2.28,0.063,17.36,70.6,1.02
HRLOG-000303,EMP-003,Logistics,25,16,0.5,0.05,23.81,70.8,1.27
HRLOG-000304,EMP-004,Engineering,21,17,1.95,0.036,19.74,84.8,0.37
HRLOG-000305,EMP-005,Engineering,25,25,2.03,0.007,22.87,99.9,0.26
HRLOG-000306,EMP-006,Operations,28,19,0.76,0.061,26.95,73.5,2.21
HRLOG-000307,EMP-007,Operations,26,18,1.42,0.035,24.41,77.2,0.89
HRLOG-000308,EMP-008,Engineering,8,6,3.7,0.085,7.88,87.4,0.0
HRLOG-000309,EMP-009,Engineering,22,21,2.02,0.123,22.52,95.3,1.16
HRLOG-000310,EMP-010,Sales,27,21,0.56,0.108,27.22,82.2,1.27
HRLOG-000311,EMP-011,Sales,11,10,1.06,0.008,10.07,94.6,0.0
HRLOG-000312,EMP-012,Operations,20,18,0.6,0.221,22.75,90.8,1.83
HRLOG-000313,EMP-013,Operations,26,21,0.99,0.14,27.08,83.5,1.72
HRLOG-000314,EMP-014,Engineering,29,26,2.28,0.04,27.36,91.6,0.66
HRLOG-000315,EMP-015,Sales,14,10,0.82,0.253,16.53,76.0,1.17
HRLOG-000316,EMP-016,Sales,16,11,0.86,0.055,15.31,77.4,1.04
HRLOG-000317,EMP-017,Sales,22,21,1.51,0.111,22.24,97.7,0.87
HRLOG-000318,EMP-018,Logistics,30,23,2.79,0.024,27.88,82.0,1.63
HRLOG-000319,EMP-019,Logistics,20,16,0.5,0.036,18.8,83.7,0.52
HRLOG-000320,EMP-020,Engineering,15,13,2.69,0.015,13.82,91.5,0.0
HRLOG-000321,EMP-021,Sales,21,18,1.82,0.065,20.29,90.6,0.05
HRLOG-000322,EMP-022,Engineering,29,27,2.42,0.033,27.18,94.0,1.61
HRLOG-000323,EMP-023,Engineering,20,19,2.95,0.021,18.54,96.0,0.43
HRLOG-000324,EMP-024,Operations,26,18,1.17,0.036,24.44,76.6,0.85
HRLOG-000325,EMP-025,Logistics,24,21,1.32,0.017,22.16,89.7,0.46
HRLOG-000326,EMP-026,Logistics,25,23,1.91,0.055,23.92,94.0,0.3
HRLOG-000327,EMP-027,Sales,30,25,0.5,0.026,27.93,87.3,1.19
HRLOG-000328,EMP-028,Sales,28,20,1.55,0.082,27.5,76.0,1.57
HRLOG-000329,EMP-029,Engineering,25,18,1.59,0.041,23.61,78.5,0.66
HRLOG-000330,EMP-030,Logistics,8,6,1.8,0.107,8.06,87.0,0.59
HRLOG-000331,EMP-031,Operations,21,21,1.69,0.073,20.45,98.5,0.26
HRLOG-000332,EMP-032,Operations,18,13,1.42,0.148,18.91,74.9,0.65
HRLOG-000333,EMP-033,Operations,23,18,1.32,0.089,22.75,83.9,0.77
HRLOG-000334,EMP-034,Operations,9,7,1.28,0.046,8.54,87.0,0.0
HRLOG-000335,EMP-035,Logistics,30,23,1.26,0.026,27.93,82.7,0.95
HRLOG-000336,EMP-036,Operations,8,4,1.42,0.024,7.43,67.9,0.0
HRLOG-000337,EMP-037,Operations,16,16,1.22,0.01,14.68,99.8,0.22
HRLOG-000338,EMP-038,Logistics,20,18,1.15,0.058,19.19,91.7,0.94
HRLOG-000339,EMP-039,Logistics,26,22,1.1,0.101,26.03,88.5,0.73
HRLOG-000340,EMP-040,Operations,27,19,0.5,0.013,24.84,78.6,1.79
HRLOG-000341,EMP-041,Logistics,10,9,1.05,0.033,9.37,95.6,0.0
HRLOG-000342,EMP-042,Logistics,30,27,0.73,0.061,28.87,91.4,0.52
HRLOG-000343,EMP-043,Engineering,10,7,3.0,0.006,9.14,76.0,0.0
HRLOG-000344,EMP-044,Logistics,22,22,2.17,0.04,20.75,99.2,0.05
HRLOG-000345,EMP-045,Engineering,10,8,3.28,0.01,9.17,87.2,0.0
HRLOG-000346,EMP-046,Engineering,25,21,3.08,0.226,28.6,83.4,2.17
HRLOG-000347,EMP-047,Logistics,17,14,0.5,0.023,15.78,87.7,0.0
HRLOG-000348,EMP-048,Sales,9,7,1.28,0.055,8.61,85.8,0.0
HRLOG-000349,EMP-049,Logistics,20,18,1.32,0.017,18.47,92.6,0.51
HRLOG-000350,EMP-050,Logistics,18,16,0.72,0.055,17.22,93.2,0.65
HRLOG-000351,EMP-051,Engineering,13,12,3.19,0.045,12.32,94.0,0.0
HRLOG-000352,EMP-052,Sales,25,17,1.41,0.016,23.06,77.0,0.27
HRLOG-000353,EMP-053,Sales,24,16,1.21,0.045,22.75,74.4,0.8
HRLOG-000354,EMP-054,Operations,25,18,0.5,0.015,23.04,78.1,0.99
HRLOG-000355,EMP-055,Engineering,24,19,2.76,0.01,22.02,83.4,0.64
HRLOG-000356,EMP-056,Operations,18,12,0.78,0.054,17.21,74.9,1.86
HRLOG-000357,EMP-057,Sales,12,7,2.22,0.095,11.94,70.4,0.54
HRLOG-000358,EMP-058,Sales,21,20,1.12,0.041,19.83,98.3,0.0
HRLOG-000359,EMP-059,Logistics,19,16,1.99,0.028,17.72,89.4,0.0
HRLOG-000360,EMP-060,Engineering,13,11,2.35,0.066,12.57,89.2,0.25
HRLOG-000361,EMP-061,Operations,26,24,0.86,0.008,23.81,94.7,0.33
HRLOG-000362,EMP-062,Engineering,24,17,2.33,0.069,23.28,75.8,1.01
HRLOG-000363,EMP-063,Logistics,15,12,0.76,0.013,13.8,86.0,0.17
HRLOG-000364,EMP-064,Engineering,8,6,3.34,0.071,7.77,87.7,0.35
HRLOG-000365,EMP-065,Logistics,18,15,1.95,0.028,16.79,90.4,0.08
HRLOG-000366,EMP-066,Operations,12,7,2.25,0.015,11.06,72.8,0.0
HRLOG-000367,EMP-067,Logistics,24,19,1.69,0.103,24.07,84.6,1.22
HRLOG-000368,EMP-068,Engineering,22,18,2.44,0.103,22.07,83.9,1.02
HRLOG-000369,EMP-069,Sales,9,6,1.53,0.015,8.29,77.9,0.0
HRLOG-000370,EMP-070,Logistics,10,8,0.93,0.05,9.52,84.1,0.0
HRLOG-000371,EMP-071,Engineering,17,13,2.75,0.213,19.17,78.4,2.28
HRLOG-000372,EMP-072,Engineering,28,24,2.75,0.065,27.05,88.9,0.87
HRLOG-000373,EMP-073,Operations,15,13,0.98,0.022,13.91,92.3,0.0
HRLOG-000374,EMP-074,Operations,30,27,1.67,0.158,31.85,89.1,2.42
HRLOG-000375,EMP-075,Operations,9,7,0.79,0.094,8.95,83.5,0.22
HRLOG-000376,EMP-076,Operations,29,25,1.38,0.034,27.2,89.4,0.76
HRLOG-000377,EMP-077,Operations,9,7,1.51,0.203,10.03,79.6,1.01
HRLOG-000378,EMP-078,Operations,25,22,2.38,0.112,25.3,89.4,1.35
HRLOG-000379,EMP-079,Engineering,29,28,3.34,0.123,29.68,94.9,2.55
HRLOG-000380,EMP-080,Engineering,25,22,3.21,0.223,28.51,86.7,2.62
HRLOG-000381,EMP-081,Engineering,26,23,2.31,0.025,24.19,91.2,0.86
HRLOG-000382,EMP-082,Sales,19,15,1.54,0.021,17.61,86.2,0.04
HRLOG-000383,EMP-083,Logistics,19,17,0.76,0.029,17.74,93.4,0.0
HRLOG-000384,EMP-084,Engineering,29,25,2.07,0.092,28.77,89.4,1.98
HRLOG-000385,EMP-085,Engineering,8,6,2.56,0.033,7.5,82.3,0.0
HRLOG-000386,EMP-086,Operations,18,12,0.74,0.123,18.42,75.3,1.18
HRLOG-000387,EMP-087,Logistics,12,10,1.89,0.046,11.39,90.9,0.19
HRLOG-000388,EMP-088,Engineering,27,15,2.55,0.098,26.95,65.4,1.69
HRLOG-000389,EMP-089,Engineering,14,13,2.85,0.041,13.22,98.0,0.75
HRLOG-000390,EMP-090,Operations,10,9,2.14,0.021,9.27,94.9,0.0
HRLOG-000391,EMP-091,Operations,25,22,0.79,0.014,23.02,91.9,0.0
HRLOG-000392,EMP-092,Logistics,23,19,0.92,0.07,22.33,88.0,0.93
HRLOG-000393,EMP-093,Logistics,22,18,0.5,0.096,21.91,86.3,0.67
HRLOG-000394,EMP-094,Sales,24,18,1.68,0.081,23.55,79.5,1.48
HRLOG-000395,EMP-095,Logistics,17,11,1.08,0.082,16.7,73.7,1.27
HRLOG-000396,EMP-096,Logistics,15,10,2.19,0.017,13.85,78.2,0.25
HRLOG-000397,EMP-097,Operations,18,15,2.52,0.191,19.8,83.6,1.95
HRLOG-000398,EMP-098,Operations,23,19,1.47,0.05,21.9,85.1,1.67
HRLOG-000399,EMP-099,Engineering,9,7,2.96,0.113,9.12,84.7,0.0
HRLOG-000400,EMP-100,Logistics,9,7,1.71,0.078,8.81,85.8,0.05
HRLOG-000401,EMP-001,Operations,8,6,0.5,0.023,7.43,88.2,0.0
HRLOG-000402,EMP-002,Engineering,20,16,2.78,0.022,18.55,85.6,0.17
HRLOG-000403,EMP-003,Logistics,20,14,2.44,0.079,19.59,77.0,0.89
HRLOG-000404,EMP-004,Engineering,17,13,3.02,0.158,18.05,78.8,0.78
HRLOG-000405,EMP-005,Engineering,8,7,2.26,0.193,8.82,86.7,0.56
HRLOG-000406,EMP-006,Operations,8,8,1.65,0.13,8.25,97.4,0.0
HRLOG-000407,EMP-007,Operations,25,20,0.92,0.116,25.41,84.7,1.61
HRLOG-000408,EMP-008,Engineering,15,10,2.79,0.025,13.95,75.0,0.1
HRLOG-000409,EMP-009,Engineering,25,17,2.29,0.067,24.2,73.2,1.09
HRLOG-000410,EMP-010,Sales,14,10,0.69,0.05,13.33,81.6,0.07
HRLOG-000411,EMP-011,Sales,9,7,0.57,0.004,8.21,90.4,0.0
HRLOG-000412,EMP-012,Operations,12,10,1.4,0.019,11.1,92.6,0.02
HRLOG-000413,EMP-013,Operations,14,12,1.73,0.117,14.24,90.7,0.65
HRLOG-000414,EMP-014,Engineering,10,8,2.56,0.013,9.2,88.4,0.0
HRLOG-000415,EMP-015,Sales,13,8,2.6,0.101,13.01,70.6,0.6
HRLOG-000416,EMP-016,Sales,18,11,1.42,0.101,18.02,67.2,1.49
HRLOG-000417,EMP-017,Sales,26,22,0.95,0.082,25.54,86.6,0.91
HRLOG-000418,EMP-018,Logistics,25,21,1.77,0.112,25.3,87.3,1.63
HRLOG-000419,EMP-019,Logistics,9,7,1.58,0.05,8.57,88.1,0.0
HRLOG-000420,EMP-020,Engineering,16,11,2.14,0.088,15.81,76.3,1.01
HRLOG-000421,EMP-021,Sales,26,23,1.21,0.156,27.54,88.2,1.29
HRLOG-000422,EMP-022,Engineering,12,10,2.78,0.016,11.07,92.9,0.0
HRLOG-000423,EMP-023,Engineering,13,12,3.14,0.018,12.01,95.3,0.0
HRLOG-000424,EMP-024,Operations,16,14,1.11,0.026,14.9,89.9,0.0
HRLOG-000425,EMP-025,Logistics,27,27,1.62,0.035,25.35,99.3,0.37
HRLOG-000426,EMP-026,Logistics,24,19,0.94,0.014,22.1,85.7,0.93
HRLOG-000427,EMP-027,Sales,15,11,1.04,0.087,14.81,78.0,0.23
HRLOG-000428,EMP-028,Sales,8,6,0.83,0.078,7.83,86.3,0.0
HRLOG-000429,EMP-029,Engineering,24,19,2.66,0.017,22.16,85.7,0.8
HRLOG-000430,EMP-030,Logistics,18,15,1.81,0.013,16.56,89.5,0.03
HRLOG-000431,EMP-031,Operations,19,15,0.6,0.023,17.64,84.1,0.81
HRLOG-000432,EMP-032,Operations,9,7,0.69,0.021,8.34,88.3,0.0
HRLOG-000433,EMP-033,Operations,26,21,1.89,0.083,25.57,83.7,1.03
HRLOG-000434,EMP-034,Operations,28,23,1.2,0.16,29.79,82.9,1.97
HRLOG-000435,EMP-035,Logistics,21,18,0.78,0.02,19.44,89.1,0.32
HRLOG-000436,EMP-036,Operations,14,12,0.5,0.045,13.27,91.0,0.0
HRLOG-000437,EMP-037,Operations,26,21,1.05,0.094,25.84,85.6,0.78
HRLOG-000438,EMP-038,Logistics,20,20,0.79,0.035,18.78,99.3,0.25
HRLOG-000439,EMP-039,Logistics,27,25,2.37,0.114,27.38,93.4,0.9
HRLOG-000440,EMP-040,Operations,19,13,1.64,0.106,19.11,75.6,0.81
HRLOG-000441,EMP-041,Logistics,8,5,2.12,0.11,8.08,75.9,0.17
HRLOG-000442,EMP-042,Logistics,26,24,1.66,0.025,24.19,96.4,0.62
HRLOG-000443,EMP-043,Engineering,27,23,1.75,0.019,24.98,88.5,1.08
HRLOG-000444,EMP-044,Logistics,30,29,0.5,0.008,27.47,97.8,1.04
HRLOG-000445,EMP-045,Engineering,15,10,2.93,0.02,13.89,77.5,0.0
HRLOG-000446,EMP-046,Engineering,16,11,3.0,0.106,16.1,75.4,0.62
HRLOG-000447,EMP-047,Logistics,13,12,1.29,0.123,13.31,92.0,0.0
HRLOG-000448,EMP-048,Sales,28,23,1.45,0.133,28.96,83.9,2.41
HRLOG-000449,EMP-049,Logistics,19,19,1.16,0.021,17.61,99.6,0.0
HRLOG-000450,EMP-050,Logistics,14,13,1.19,0.015,12.9,97.1,0.0
HRLOG-000451,EMP-051,Engineering,26,19,2.84,0.182,28.32,77.3,2.05
HRLOG-000452,EMP-052,Sales,24,23,1.66,0.032,22.47,98.0,0.2
HRLOG-000453,EMP-053,Sales,9,6,0.5,0.207,10.08,77.9,0.52
HRLOG-000454,EMP-054,Operations,29,22,0.97,0.068,28.1,80.8,1.53
HRLOG-000455,EMP-055,Engineering,10,8,2.4,0.117,10.17,89.1,0.6
HRLOG-000456,EMP-056,Operations,22,20,1.81,0.045,20.85,93.4,0.0
HRLOG-000457,EMP-057,Sales,16,14,0.5,0.156,16.95,91.5,0.8
HRLOG-000458,EMP-058,Sales,16,12,1.43,0.031,14.97,83.6,0.12
HRLOG-000459,EMP-059,Logistics,12,8,0.88,0.027,11.18,77.8,0.19
HRLOG-000460,EMP-060,Engineering,9,6,1.49,0.097,8.97,75.3,0.11
HRLOG-000461,EMP-061,Operations,15,14,0.67,0.084,14.76,96.3,0.0
HRLOG-000462,EMP-062,Engineering,9,6,2.58,0.158,9.55,77.6,0.0
HRLOG-000463,EMP-063,Logistics,24,21,1.42,0.009,22.0,92.0,0.95
HRLOG-000464,EMP-064,Engineering,22,20,2.46,0.115,22.34,93.5,0.27
HRLOG-000465,EMP-065,Logistics,23,16,2.63,0.084,22.64,75.0,1.31
HRLOG-000466,EMP-066,Operations,26,22,1.27,0.068,25.19,88.3,1.37
HRLOG-000467,EMP-067,Logistics,28,26,1.12,0.015,25.81,96.4,0.65
HRLOG-000468,EMP-068,Engineering,12,12,3.05,0.029,11.2,99.4,0.0
HRLOG-000469,EMP-069,Sales,13,11,0.97,0.049,12.37,87.8,0.0
HRLOG-000470,EMP-070,Logistics,29,21,0.98,0.049,27.59,78.4,1.05
HRLOG-000471,EMP-071,Engineering,28,26,1.84,0.094,27.83,92.5,1.01
HRLOG-000472,EMP-072,Engineering,23,18,2.36,0.064,22.2,84.7,1.8
HRLOG-000473,EMP-073,Operations,13,8,0.5,0.124,13.32,68.5,0.0
HRLOG-000474,EMP-074,Operations,28,25,0.68,0.136,29.05,90.4,1.69
HRLOG-000475,EMP-075,Operations,15,11,1.07,0.145,15.71,78.7,1.17
HRLOG-000476,EMP-076,Operations,28,26,1.5,0.015,25.81,94.6,1.18
HRLOG-000477,EMP-077,Operations,18,16,1.96,0.017,16.62,92.3,0.0
HRLOG-000478,EMP-078,Operations,13,12,1.53,0.076,12.7,94.2,0.49
HRLOG-000479,EMP-079,Engineering,18,12,2.59,0.024,16.73,74.8,0.94
HRLOG-000480,EMP-080,Engineering,18,15,2.21,0.105,18.09,85.9,1.41
HRLOG-000481,EMP-081,Engineering,9,7,3.75,0.014,8.29,88.3,0.0
HRLOG-000482,EMP-082,Sales,25,24,0.76,0.094,24.85,97.0,0.15
HRLOG-000483,EMP-083,Logistics,30,18,2.16,0.067,29.04,68.6,1.19
HRLOG-000484,EMP-084,Engineering,13,10,1.88,0.047,12.35,82.7,0.0
HRLOG-000485,EMP-085,Engineering,10,8,2.79,0.08,9.8,84.8,0.25
HRLOG-000486,EMP-086,Operations,9,6,2.42,0.03,8.41,80.0,0.0
HRLOG-000487,EMP-087,Logistics,19,16,1.38,0.063,18.32,89.3,1.22
HRLOG-000488,EMP-088,Engineering,20,17,2.44,0.003,18.23,89.1,0.0
HRLOG-000489,EMP-089,Engineering,13,10,3.51,0.104,13.05,80.8,0.0
HRLOG-000490,EMP-090,Operations,13,9,1.3,0.06,12.5,80.3,0.31
HRLOG-000491,EMP-091,Operations,22,14,2.51,0.29,27.16,66.5,2.94
HRLOG-000492,EMP-092,Logistics,14,11,1.91,0.073,13.63,84.1,0.23
HRLOG-000493,EMP-093,Logistics,27,23,1.32,0.13,27.84,87.1,1.91
HRLOG-000494,EMP-094,Sales,18,15,0.51,0.049,17.13,88.2,1.24
HRLOG-000495,EMP-095,Logistics,28,24,0.87,0.078,27.4,87.6,1.03
HRLOG-000496,EMP-096,Logistics,17,14,1.03,0.007,15.55,90.4,0.0
HRLOG-000497,EMP-097,Operations,19,16,0.56,0.063,18.32,87.6,0.16
HRLOG-000498,EMP-098,Operations,11,8,0.5,0.021,10.19,83.3,0.0
HRLOG-000499,EMP-099,Engineering,19,13,2.71,0.115,19.29,75.9,0.69
HRLOG-000500,EMP-100,Logistics,23,23,1.92,0.164,24.57,96.7,1.97
HRLOG-000501,EMP-001,Operations,12,10,0.87,0.116,12.2,85.8,0.39
HRLOG-000502,EMP-002,Engineering,22,18,1.35,0.128,22.63,83.3,0.95
HRLOG-000503,EMP-003,Logistics,18,18,1.08,0.021,16.68,99.6,0.35
HRLOG-000504,EMP-004,Engineering,11,10,2.92,0.029,10.27,98.1,0.0
HRLOG-000505,EMP-005,Engineering,17,14,0.81,0.126,17.45,84.8,1.15
HRLOG-000506,EMP-006,Operations,21,21,1.41,0.034,19.7,99.3,0.12
HRLOG-000507,EMP-007,Operations,23,16,1.3,0.065,22.22,75.6,1.18
HRLOG-000508,EMP-008,Engineering,15,13,3.19,0.098,14.97,90.3,0.0
HRLOG-000509,EMP-009,Engineering,12,9,2.19,0.051,11.44,84.1,0.0
HRLOG-000510,EMP-010,Sales,10,9,2.27,0.096,9.96,96.4,0.0
HRLOG-000511,EMP-011,Sales,10,7,2.33,0.093,9.93,77.5,0.02
HRLOG-000512,EMP-012,Operations,27,23,0.5,0.02,25.0,88.5,0.62
HRLOG-000513,EMP-013,Operations,18,14,1.29,0.126,18.48,81.5,1.03
HRLOG-000514,EMP-014,Engineering,25,22,1.79,0.054,23.9,91.3,1.07
HRLOG-000515,EMP-015,Sales,22,19,1.65,0.046,20.87,88.7,1.69
HRLOG-000516,EMP-016,Sales,15,13,1.6,0.008,13.74,91.4,0.0
HRLOG-000517,EMP-017,Sales,22,16,1.88,0.123,22.52,75.8,0.88
HRLOG-000518,EMP-018,Logistics,8,6,1.39,0.147,8.39,78.7,0.27
HRLOG-000519,EMP-019,Logistics,24,20,0.98,0.011,22.04,88.4,0.68
HRLOG-000520,EMP-020,Engineering,15,11,1.06,0.12,15.31,78.6,0.92
HRLOG-000521,EMP-021,Sales,12,8,1.01,0.122,12.27,73.0,0.91
HRLOG-000522,EMP-022,Engineering,8,5,1.34,0.169,8.59,76.6,0.42
HRLOG-000523,EMP-023,Engineering,14,11,2.48,0.015,12.9,85.4,0.19
HRLOG-000524,EMP-024,Operations,28,20,1.68,0.059,26.9,77.8,0.94
HRLOG-000525,EMP-025,Logistics,21,16,1.04,0.074,20.47,79.7,1.12
HRLOG-000526,EMP-026,Logistics,13,13,1.73,0.037,12.23,99.3,0.0
HRLOG-000527,EMP-027,Sales,21,18,2.19,0.079,20.57,90.5,0.29
HRLOG-000528,EMP-028,Sales,19,19,1.08,0.017,17.54,99.7,0.0
HRLOG-000529,EMP-029,Engineering,18,13,2.4,0.023,16.71,81.1,0.0
HRLOG-000530,EMP-030,Logistics,13,10,0.92,0.168,13.95,82.2,1.15
HRLOG-000531,EMP-031,Operations,16,11,0.5,0.259,19.02,73.5,2.58
HRLOG-000532,EMP-032,Operations,15,12,1.3,0.103,15.05,84.5,0.29
HRLOG-000533,EMP-033,Operations,8,7,1.14,0.008,7.33,90.2,0.0
HRLOG-000534,EMP-034,Operations,15,15,1.08,0.063,14.46,98.7,0.0
HRLOG-000535,EMP-035,Logistics,30,30,1.53,0.101,30.03,98.0,1.83
HRLOG-000536,EMP-036,Operations,28,23,0.76,0.053,26.74,87.4,1.04
HRLOG-000537,EMP-037,Operations,30,24,1.74,0.096,29.88,82.5,2.26
HRLOG-000538,EMP-038,Logistics,9,9,1.84,0.057,8.63,98.9,0.0
HRLOG-000539,EMP-039,Logistics,25,25,2.22,0.021,23.17,99.6,0.39
HRLOG-000540,EMP-040,Operations,18,16,0.5,0.05,17.14,93.2,0.0
HRLOG-000541,EMP-041,Logistics,29,21,0.62,0.088,28.66,77.9,1.49
HRLOG-000542,EMP-042,Logistics,12,10,0.99,0.005,10.96,90.3,0.18
HRLOG-000543,EMP-043,Engineering,19,19,2.54,0.001,17.29,100.0,0.08
HRLOG-000544,EMP-044,Logistics,10,7,1.71,0.175,10.81,77.4,1.16
HRLOG-000545,EMP-045,Engineering,23,19,2.8,0.064,22.2,87.0,0.93
HRLOG-000546,EMP-046,Engineering,29,25,3.28,0.023,26.93,89.5,1.43
HRLOG-000547,EMP-047,Logistics,26,20,2.01,0.067,25.17,82.8,1.78
HRLOG-000548,EMP-048,Sales,17,12,1.05,0.027,15.84,77.7,0.42
HRLOG-000549,EMP-049,Logistics,8,6,1.15,0.079,7.84,82.9,0.0
HRLOG-000550,EMP-050,Logistics,29,20,1.54,0.116,29.47,75.6,2.2
HRLOG-000551,EMP-051,Engineering,15,11,2.62,0.154,15.86,77.6,0.84
HRLOG-000552,EMP-052,Sales,29,29,0.5,0.109,29.26,97.8,1.73
HRLOG-000553,EMP-053,Sales,10,9,3.4,0.051,9.53,98.9,0.0
HRLOG-000554,EMP-054,Operations,30,26,0.89,0.213,33.82,85.7,3.16
HRLOG-000555,EMP-055,Engineering,12,8,2.33,0.052,11.45,76.7,1.07
HRLOG-000556,EMP-056,Operations,22,19,2.22,0.052,20.99,88.7,1.01
HRLOG-000557,EMP-057,Sales,12,11,1.47,0.126,12.32,96.4,0.04
HRLOG-000558,EMP-058,Sales,12,12,2.08,0.056,11.49,98.9,0.0
HRLOG-000559,EMP-059,Logistics,28,21,0.5,0.024,26.02,81.4,1.45
HRLOG-000560,EMP-060,Engineering,17,15,1.73,0.038,16.01,92.0,0.49
HRLOG-000561,EMP-061,Operations,18,13,1.68,0.082,17.68,79.3,0.15
HRLOG-000562,EMP-062,Engineering,25,24,1.78,0.032,23.41,98.6,0.68
HRLOG-000563,EMP-063,Logistics,24,20,0.68,0.032,22.47,86.5,0.67
HRLOG-000564,EMP-064,Engineering,26,25,2.5,0.055,24.88,97.8,0.83
HRLOG-000565,EMP-065,Logistics,19,17,0.5,0.087,18.76,90.2,0.86
HRLOG-000566,EMP-066,Operations,30,28,0.5,0.088,29.64,93.6,1.07
HRLOG-000567,EMP-067,Logistics,17,15,1.97,0.075,16.59,93.3,0.28
HRLOG-000568,EMP-068,Engineering,8,6,2.81,0.064,7.72,86.6,0.0
HRLOG-000569,EMP-069,Sales,27,24,1.83,0.014,24.86,90.9,0.55
HRLOG-000570,EMP-070,Logistics,8,7,0.5,0.105,8.04,92.4,0.0
HRLOG-000571,EMP-071,Engineering,18,17,1.39,0.009,16.5,97.8,0.13
HRLOG-000572,EMP-072,Engineering,26,23,2.68,0.096,25.9,89.5,1.45
HRLOG-000573,EMP-073,Operations,26,26,0.59,0.107,26.18,97.9,1.12
HRLOG-000574,EMP-074,Operations,19,16,1.33,0.031,17.77,86.8,0.58
HRLOG-000575,EMP-075,Operations,19,16,1.34,0.043,17.98,89.2,0.41
HRLOG-000576,EMP-076,Operations,14,9,0.5,0.06,13.46,71.7,0.69
HRLOG-000577,EMP-077,Operations,16,13,2.22,0.068,15.5,87.6,0.01
HRLOG-000578,EMP-078,Operations,19,14,1.57,0.106,19.11,77.3,1.63
HRLOG-000579,EMP-079,Engineering,10,10,2.88,0.026,9.31,99.5,0.0
HRLOG-000580,EMP-080,Engineering,16,13,1.51,0.007,14.64,86.8,0.0
HRLOG-000581,EMP-081,Engineering,15,13,2.47,0.035,14.08,91.2,0.05
HRLOG-000582,EMP-082,Sales,11,10,1.1,0.094,10.93,91.8,0.0
HRLOG-000583,EMP-083,Logistics,13,12,2.65,0.152,13.71,95.6,0.22
HRLOG-000584,EMP-084,Engineering,18,15,2.0,0.076,17.58,85.5,0.76
HRLOG-000585,EMP-085,Engineering,22,17,1.79,0.116,22.36,80.8,1.9
HRLOG-000586,EMP-086,Operations,8,5,1.87,0.043,7.57,77.8,0.0
HRLOG-000587,EMP-087,Logistics,19,14,1.16,0.049,18.08,81.8,0.54
HRLOG-000588,EMP-088,Engineering,9,8,3.31,0.087,8.88,92.3,0.0
HRLOG-000589,EMP-089,Engineering,16,13,2.66,0.013,14.72,89.0,0.09
HRLOG-000590,EMP-090,Operations,18,12,1.09,0.121,18.39,73.8,1.06
HRLOG-000591,EMP-091,Operations,22,19,1.46,0.141,22.94,88.1,1.53
HRLOG-000592,EMP-092,Logistics,16,13,1.2,0.086,15.78,87.5,0.64
HRLOG-000593,EMP-093,Logistics,23,15,1.11,0.014,21.18,74.5,0.52
HRLOG-000594,EMP-094,Sales,23,21,1.54,0.035,21.6,94.6,0.64
HRLOG-000595,EMP-095,Logistics,21,20,0.5,0.051,20.02,97.6,0.1
HRLOG-000596,EMP-096,Logistics,17,15,0.56,0.009,15.58,93.2,0.0
HRLOG-000597,EMP-097,Operations,10,7,1.31,0.039,9.43,81.9,0.0
HRLOG-000598,EMP-098,Operations,29,18,0.5,0.092,28.77,68.2,1.85
HRLOG-000599,EMP-099,Engineering,11,8,2.56,0.137,11.42,80.5,1.07
HRLOG-000600,EMP-100,Logistics,10,10,2.0,0.018,9.24,99.6,0.0
HRLOG-000601,EMP-001,Operations,10,9,1.75,0.277,12.15,87.7,1.22
HRLOG-000602,EMP-002,Engineering,13,13,2.31,0.057,12.46,98.9,0.16
HRLOG-000603,EMP-003,Logistics,16,12,1.1,0.084,15.75,81.0,1.25
HRLOG-000604,EMP-004,Engineering,19,19,1.63,0.107,19.13,97.9,1.24
HRLOG-000605,EMP-005,Engineering,13,10,2.05,0.164,13.89,81.8,0.26
HRLOG-000606,EMP-006,Operations,12,9,1.34,0.053,11.46,83.1,0.16
HRLOG-000607,EMP-007,Operations,28,22,1.48,0.043,26.49,83.5,1.8
HRLOG-000608,EMP-008,Engineering,11,8,2.72,0.002,10.02,78.6,0.0
HRLOG-000609,EMP-009,Engineering,10,8,1.49,0.052,9.54,87.7,0.03
HRLOG-000610,EMP-010,Sales,13,11,0.93,0.067,12.58,88.3,0.0
HRLOG-000611,EMP-011,Sales,11,9,0.83,0.04,10.38,91.3,0.0
HRLOG-000612,EMP-012,Operations,9,9,0.93,0.007,8.23,99.9,0.0
HRLOG-000613,EMP-013,Operations,26,24,0.86,0.17,27.96,93.1,1.26
HRLOG-000614,EMP-014,Engineering,15,14,2.17,0.072,14.59,96.1,0.07
HRLOG-000615,EMP-015,Sales,28,22,1.89,0.024,26.02,84.8,1.39
HRLOG-000616,EMP-016,Sales,9,9,0.5,0.034,8.44,99.3,0.0
HRLOG-000617,EMP-017,Sales,23,22,0.87,0.04,21.7,99.1,0.02
HRLOG-000618,EMP-018,Logistics,11,9,1.89,0.021,10.19,85.1,0.49
HRLOG-000619,EMP-019,Logistics,9,9,0.5,0.107,9.06,97.9,0.0
HRLOG-000620,EMP-020,Engineering,15,13,1.76,0.094,14.91,91.6,0.57
HRLOG-000621,EMP-021,Sales,22,19,2.08,0.062,21.19,90.1,0.49
HRLOG-000622,EMP-022,Engineering,22,19,2.13,0.019,20.35,91.9,0.0
HRLOG-000623,EMP-023,Engineering,19,15,2.43,0.231,21.86,78.8,3.03
HRLOG-000624,EMP-024,Operations,11,9,2.09,0.03,10.28,85.1,0.23
HRLOG-000625,EMP-025,Logistics,23,21,0.75,0.128,23.66,93.9,1.33
HRLOG-000626,EMP-026,Logistics,27,21,1.35,0.052,25.76,83.0,1.3
HRLOG-000627,EMP-027,Sales,12,11,1.87,0.02,11.11,94.1,0.0
HRLOG-000628,EMP-028,Sales,23,17,2.41,0.042,21.74,78.7,0.54
HRLOG-000629,EMP-029,Engineering,17,13,3.68,0.161,18.1,80.4,1.22
HRLOG-000630,EMP-030,Logistics,14,12,1.2,0.152,14.77,87.6,0.61
HRLOG-000631,EMP-031,Operations,26,25,0.67,0.038,24.48,97.7,0.11
HRLOG-000632,EMP-032,Operations,12,8,0.91,0.107,12.08,74.7,1.16
HRLOG-000633,EMP-033,Operations,11,8,1.54,0.019,10.18,78.9,0.41
HRLOG-000634,EMP-034,Operations,9,7,1.96,0.013,8.28,86.0,0.0
HRLOG-000635,EMP-035,Logistics,9,9,1.48,0.092,8.93,98.2,0.0
HRLOG-000636,EMP-036,Operations,24,24,2.0,0.006,21.94,99.9,0.49
HRLOG-000637,EMP-037,Operations,13,8,0.88,0.126,13.35,69.7,1.03
HRLOG-000638,EMP-038,Logistics,14,12,1.27,0.036,13.16,92.0,0.0
HRLOG-000639,EMP-039,Logistics,21,17,2.37,0.047,19.94,84.5,0.2
HRLOG-000640,EMP-040,Operations,26,21,1.1,0.042,24.57,84.1,1.4
HRLOG-000641,EMP-041,Logistics,16,13,1.22,0.084,15.75,88.1,0.91
HRLOG-000642,EMP-042,Logistics,9,7,0.96,0.105,9.05,84.9,0.0
HRLOG-000643,EMP-043,Engineering,15,13,1.9,0.058,14.4,88.7,0.0
HRLOG-000644,EMP-044,Logistics,27,20,0.65,0.092,26.79,78.0,2.01
HRLOG-000645,EMP-045,Engineering,24,21,1.61,0.059,23.05,89.2,0.52
HRLOG-000646,EMP-046,Engineering,23,20,2.27,0.056,22.03,90.8,0.91
HRLOG-000647,EMP-047,Logistics,22,14,0.57,0.07,21.36,71.9,0.16
HRLOG-000648,EMP-048,Sales,27,23,0.56,0.011,24.79,90.5,0.51
HRLOG-000649,EMP-049,Logistics,30,22,0.96,0.137,31.15,76.0,2.14
HRLOG-000650,EMP-050,Logistics,12,9,1.29,0.137,12.46,80.8,0.79
HRLOG-000651,EMP-051,Engineering,26,19,4.22,0.024,24.16,80.3,0.45
HRLOG-000652,EMP-052,Sales,19,13,1.5,0.013,17.48,78.6,0.54
HRLOG-000653,EMP-053,Sales,18,14,1.5,0.039,16.97,83.5,1.13
HRLOG-000654,EMP-054,Operations,27,19,1.34,0.023,25.07,77.2,1.07
HRLOG-000655,EMP-055,Engineering,13,8,1.72,0.013,11.96,74.1,0.0
HRLOG-000656,EMP-056,Operations,10,9,0.82,0.041,9.44,99.1,0.0
HRLOG-000657,EMP-057,Sales,9,7,0.5,0.065,8.7,83.2,0.15
HRLOG-000658,EMP-058,Sales,21,14,1.78,0.096,20.92,73.0,2.37
HRLOG-000659,EMP-059,Logistics,28,23,1.14,0.013,25.76,85.7,1.12
HRLOG-000660,EMP-060,Engineering,30,26,2.84,0.029,28.01,91.3,0.44
HRLOG-000661,EMP-061,Operations,12,8,1.51,0.032,11.24,78.8,0.25
HRLOG-000662,EMP-062,Engineering,27,22,2.08,0.066,26.11,85.5,1.1
HRLOG-000663,EMP-063,Logistics,9,7,0.96,0.014,8.29,85.7,0.0
HRLOG-000664,EMP-064,Engineering,28,26,2.1,0.036,26.32,93.9,0.72
HRLOG-000665,EMP-065,Logistics,26,22,1.45,0.01,23.85,89.2,0.81
HRLOG-000666,EMP-066,Operations,20,17,1.29,0.048,19.01,90.0,0.77
HRLOG-000667,EMP-067,Logistics,8,5,1.9,0.218,9.07,75.0,0.51
HRLOG-000668,EMP-068,Engineering,26,21,1.48,0.044,24.62,85.0,0.64
HRLOG-000669,EMP-069,Sales,17,14,0.94,0.079,16.65,86.7,0.76
HRLOG-000670,EMP-070,Logistics,29,23,0.75,0.09,28.71,81.8,2.1
HRLOG-000671,EMP-071,Engineering,19,16,1.78,0.029,17.74,89.6,0.0
HRLOG-000672,EMP-072,Engineering,13,9,2.62,0.235,15.03,73.0,1.55
HRLOG-000673,EMP-073,Operations,22,22,2.17,0.029,20.54,99.4,0.23
HRLOG-000674,EMP-074,Operations,11,10,0.5,0.011,10.1,93.9,0.0
HRLOG-000675,EMP-075,Operations,9,6,1.48,0.156,9.53,74.7,0.89
HRLOG-000676,EMP-076,Operations,15,15,1.78,0.012,13.79,99.8,0.0
HRLOG-000677,EMP-077,Operations,24,18,1.74,0.08,23.53,80.9,0.89
HRLOG-000678,EMP-078,Operations,28,26,0.61,0.066,27.08,94.5,1.19
HRLOG-000679,EMP-079,Engineering,14,11,2.59,0.054,13.38,86.1,0.28
HRLOG-000680,EMP-080,Engineering,22,18,2.09,0.135,22.8,83.0,1.59
HRLOG-000681,EMP-081,Engineering,12,11,2.46,0.266,14.39,88.0,1.23
HRLOG-000682,EMP-082,Sales,26,16,1.41,0.113,26.34,69.9,1.69
HRLOG-000683,EMP-083,Logistics,18,13,1.45,0.051,17.16,77.4,1.43
HRLOG-000684,EMP-084,Engineering,22,18,2.9,0.121,22.47,84.7,1.84
HRLOG-000685,EMP-085,Engineering,15,13,2.38,0.034,14.07,92.9,0.45
HRLOG-000686,EMP-086,Operations,12,8,0.9,0.07,11.65,75.3,0.26
HRLOG-000687,EMP-087,Logistics,17,16,0.95,0.015,15.67,95.1,0.0
HRLOG-000688,EMP-088,Engineering,28,22,1.78,0.11,28.28,82.3,2.08
HRLOG-000689,EMP-089,Engineering,19,15,2.42,0.166,20.34,83.0,1.57
HRLOG-000690,EMP-090,Operations,26,19,0.52,0.052,24.81,78.7,1.11
HRLOG-000691,EMP-091,Operations,19,19,1.63,0.001,17.29,100.0,0.0
HRLOG-000692,EMP-092,Logistics,24,22,1.03,0.129,24.72,93.1,0.82
HRLOG-000693,EMP-093,Logistics,12,10,1.18,0.105,12.06,84.7,0.0
HRLOG-000694,EMP-094,Sales,20,20,0.98,0.007,18.3,99.9,0.0
HRLOG-000695,EMP-095,Logistics,22,16,0.75,0.112,22.27,77.1,1.58
HRLOG-000696,EMP-096,Logistics,20,17,1.48,0.036,18.8,90.3,0.28
HRLOG-000697,EMP-097,Operations,23,15,1.73,0.105,23.12,72.7,1.84
HRLOG-000698,EMP-098,Operations,28,27,1.92,0.03,26.17,97.2,0.91
HRLOG-000699,EMP-099,Engineering,25,16,1.65,0.142,26.1,69.3,2.03
HRLOG-000700,EMP-100,Logistics,8,8,1.3,0.025,7.44,99.5,0.0
HRLOG-000701,EMP-001,Operations,27,24,0.93,0.087,26.65,90.0,1.76
HRLOG-000702,EMP-002,Engineering,26,22,1.81,0.128,26.75,85.3,2.08
HRLOG-000703,EMP-003,Logistics,12,10,1.67,0.04,11.32,89.7,0.0
HRLOG-000704,EMP-004,Engineering,28,21,2.24,0.034,26.27,81.8,1.3
HRLOG-000705,EMP-005,Engineering,22,17,3.51,0.185,24.04,81.6,1.8
HRLOG-000706,EMP-006,Operations,11,8,0.5,0.064,10.62,78.2,0.0
HRLOG-000707,EMP-007,Operations,13,11,0.91,0.033,12.18,90.4,0.0
HRLOG-000708,EMP-008,Engineering,11,7,3.14,0.081,10.79,73.2,1.35
HRLOG-000709,EMP-009,Engineering,19,16,1.08,0.027,17.71,89.9,0.32
HRLOG-000710,EMP-010,Sales,22,19,0.94,0.05,20.95,90.2,0.67
HRLOG-000711,EMP-011,Sales,22,22,0.69,0.063,21.22,98.7,0.79
HRLOG-000712,EMP-012,Operations,29,24,0.54,0.045,27.49,87.8,1.75
HRLOG-000713,EMP-013,Operations,12,12,0.76,0.008,10.99,99.8,0.0
HRLOG-000714,EMP-014,Engineering,23,16,2.35,0.214,25.96,72.6,2.35
HRLOG-000715,EMP-015,Sales,12,10,2.19,0.058,11.52,88.5,0.0
HRLOG-000716,EMP-016,Sales,9,5,1.31,0.109,9.08,66.2,1.2
HRLOG-000717,EMP-017,Sales,16,15,0.9,0.033,15.0,95.1,0.31
HRLOG-000718,EMP-018,Logistics,16,12,1.57,0.004,14.6,83.2,0.1
HRLOG-000719,EMP-019,Logistics,24,21,1.31,0.023,22.28,91.2,1.02
HRLOG-000720,EMP-020,Engineering,19,17,2.26,0.071,18.46,91.2,0.48
HRLOG-000721,EMP-021,Sales,27,22,0.82,0.022,25.05,85.6,0.43
HRLOG-000722,EMP-022,Engineering,14,12,2.69,0.023,13.0,92.4,0.16
HRLOG-000723,EMP-023,Engineering,10,8,3.12,0.06,9.62,87.6,0.0
HRLOG-000724,EMP-024,Operations,14,12,1.43,0.075,13.66,89.6,0.0
HRLOG-000725,EMP-025,Logistics,14,13,1.1,0.019,12.95,95.1,0.04
HRLOG-000726,EMP-026,Logistics,22,16,1.16,0.057,21.09,80.4,1.36
HRLOG-000727,EMP-027,Sales,25,21,0.91,0.103,25.08,87.1,1.52
HRLOG-000728,EMP-028,Sales,29,23,0.5,0.074,28.27,83.5,1.85
HRLOG-000729,EMP-029,Engineering,24,23,1.84,0.08,23.53,95.2,1.23
HRLOG-000730,EMP-030,Logistics,10,8,0.66,0.031,9.35,87.6,0.0
HRLOG-000731,EMP-031,Operations,17,14,1.69,0.163,18.14,83.4,1.92
HRLOG-000732,EMP-032,Operations,29,23,0.92,0.065,28.02,83.9,1.08
HRLOG-000733,EMP-033,Operations,15,11,0.98,0.127,15.42,81.2,0.8
HRLOG-000734,EMP-034,Operations,13,7,0.99,0.058,12.48,67.7,0.0
HRLOG-000735,EMP-035,Logistics,23,19,1.55,0.04,21.7,85.5,0.0
HRLOG-000736,EMP-036,Operations,19,15,0.83,0.083,18.68,84.4,0.97
HRLOG-000737,EMP-037,Operations,9,7,0.5,0.054,8.6,88.2,0.0
HRLOG-000738,EMP-038,Logistics,15,14,1.04,0.07,14.56,95.1,0.13
HRLOG-000739,EMP-039,Logistics,18,14,2.43,0.07,17.48,84.0,0.56
HRLOG-000740,EMP-040,Operations,8,6,1.8,0.002,7.29,85.8,0.0
HRLOG-000741,EMP-041,Logistics,10,9,1.28,0.077,9.78,92.4,0.0
HRLOG-000742,EMP-042,Logistics,20,15,0.66,0.067,19.36,80.6,1.05
HRLOG-000743,EMP-043,Engineering,27,20,2.81,0.074,26.32,79.1,1.65
HRLOG-000744,EMP-044,Logistics,20,14,2.67,0.015,18.43,79.6,0.61
HRLOG-000745,EMP-045,Engineering,23,20,2.78,0.082,22.59,89.8,0.73
HRLOG-000746,EMP-046,Engineering,19,15,2.24,0.136,19.71,82.2,0.57
HRLOG-000747,EMP-047,Logistics,25,25,1.81,0.069,24.25,98.6,1.61
HRLOG-000748,EMP-048,Sales,10,10,1.46,0.023,9.29,99.5,0.0
HRLOG-000749,EMP-049,Logistics,11,8,0.96,0.128,11.32,79.5,0.42
HRLOG-000750,EMP-050,Logistics,23,21,1.05,0.058,22.07,94.4,0.61
HRLOG-000751,EMP-051,Engineering,27,19,2.77,0.056,25.86,77.1,1.96
HRLOG-000752,EMP-052,Sales,9,8,0.5,0.106,9.05,97.3,0.0
HRLOG-000753,EMP-053,Sales,8,5,1.71,0.056,7.66,72.4,0.05
HRLOG-000754,EMP-054,Operations,30,21,1.12,0.053,28.65,77.4,1.05
HRLOG-000755,EMP-055,Engineering,27,20,3.18,0.113,27.36,78.3,1.92
HRLOG-000756,EMP-056,Operations,9,7,0.92,0.083,8.85,85.9,0.0
HRLOG-000757,EMP-057,Sales,30,20,1.2,0.065,28.99,73.4,2.09
HRLOG-000758,EMP-058,Sales,23,18,1.22,0.053,21.97,84.6,0.28
HRLOG-000759,EMP-059,Logistics,29,21,1.68,0.199,32.19,75.9,2.98
HRLOG-000760,EMP-060,Engineering,29,29,2.0,0.02,26.85,99.6,0.62
HRLOG-000761,EMP-061,Operations,14,11,1.31,0.043,13.25,85.2,0.0
HRLOG-000762,EMP-062,Engineering,25,23,3.12,0.041,23.61,94.0,0.32
HRLOG-000763,EMP-063,Logistics,13,10,0.95,0.052,12.4,85.0,0.03
HRLOG-000764,EMP-064,Engineering,23,18,2.93,0.087,22.7,82.6,1.98
HRLOG-000765,EMP-065,Logistics,14,12,0.92,0.049,13.32,89.9,0.0
HRLOG-000766,EMP-066,Operations,21,17,2.13,0.14,21.88,85.4,1.0
HRLOG-000767,EMP-067,Logistics,27,20,0.79,0.031,25.26,80.8,0.91
HRLOG-000768,EMP-068,Engineering,12,11,3.36,0.11,12.12,96.0,0.62
HRLOG-000769,EMP-069,Sales,11,9,1.78,0.008,10.07,88.2,0.0
HRLOG-000770,EMP-070,Logistics,19,13,1.36,0.154,20.08,73.7,1.44
HRLOG-000771,EMP-071,Engineering,17,15,2.01,0.129,17.51,89.5,1.31
HRLOG-000772,EMP-072,Engineering,29,23,2.03,0.063,27.97,83.5,1.22
HRLOG-000773,EMP-073,Operations,10,8,1.14,0.026,9.31,89.5,0.0
HRLOG-000774,EMP-074,Operations,28,25,0.96,0.047,26.59,93.2,0.71
HRLOG-000775,EMP-075,Operations,23,23,0.63,0.142,24.01,97.2,1.3
HRLOG-000776,EMP-076,Operations,12,10,0.5,0.159,12.75,84.9,0.91
HRLOG-000777,EMP-077,Operations,14,12,0.82,0.106,14.08,90.8,0.68
HRLOG-000778,EMP-078,Operations,23,21,0.97,0.032,21.54,94.3,1.23
HRLOG-000779,EMP-079,Engineering,15,13,1.88,0.197,16.61,87.8,0.85
HRLOG-000780,EMP-080,Engineering,27,22,2.02,0.073,26.29,85.5,1.31
HRLOG-000781,EMP-081,Engineering,28,25,2.97,0.002,25.5,94.2,0.45
HRLOG-000782,EMP-082,Sales,22,21,2.78,0.032,20.6,96.2,1.08
HRLOG-000783,EMP-083,Logistics,19,13,1.29,0.051,18.11,74.8,0.92
HRLOG-000784,EMP-084,Engineering,29,29,2.91,0.017,26.78,99.7,0.43
HRLOG-000785,EMP-085,Engineering,25,18,1.6,0.047,23.74,79.5,1.38
HRLOG-000786,EMP-086,Operations,28,25,1.3,0.053,26.74,91.0,0.48
HRLOG-000787,EMP-087,Logistics,18,15,0.89,0.013,16.56,86.4,0.0
HRLOG-000788,EMP-088,Engineering,12,11,2.18,0.081,11.78,93.6,0.0
HRLOG-000789,EMP-089,Engineering,12,11,2.81,0.025,11.16,94.9,0.0
HRLOG-000790,EMP-090,Operations,18,14,1.37,0.027,16.78,81.8,0.0
HRLOG-000791,EMP-091,Operations,10,10,1.03,0.046,9.49,99.1,0.0
HRLOG-000792,EMP-092,Logistics,19,17,2.17,0.008,17.4,93.5,0.0
HRLOG-000793,EMP-093,Logistics,19,15,1.01,0.094,18.89,82.3,0.72
HRLOG-000794,EMP-094,Sales,24,19,1.72,0.056,22.99,84.6,1.77
HRLOG-000795,EMP-095,Logistics,24,20,0.85,0.015,22.12,88.3,0.45
HRLOG-000796,EMP-096,Logistics,30,27,1.35,0.006,27.42,92.3,1.28
HRLOG-000797,EMP-097,Operations,19,17,1.58,0.14,19.79,90.4,1.67
HRLOG-000798,EMP-098,Operations,27,27,2.12,0.09,26.73,98.2,1.31
HRLOG-000799,EMP-099,Engineering,13,11,2.45,0.061,12.51,90.0,0.0
HRLOG-000800,EMP-100,Logistics,17,13,1.12,0.105,17.09,80.2,0.95
HRLOG-000801,EMP-001,Operations,14,13,1.21,0.182,15.25,91.3,1.21
HRLOG-000802,EMP-002,Engineering,24,24,3.65,0.129,24.72,97.4,1.38
HRLOG-000803,EMP-003,Logistics,8,6,2.18,0.043,7.57,83.9,0.0
HRLOG-000804,EMP-004,Engineering,20,17,2.92,0.061,19.25,87.0,0.82
HRLOG-000805,EMP-005,Engineering,24,17,2.79,0.018,22.18,77.8,1.6
HRLOG-000806,EMP-006,Operations,14,10,1.23,0.085,13.79,78.7,0.0
HRLOG-000807,EMP-007,Operations,12,8,1.66,0.066,11.61,77.4,0.72
HRLOG-000808,EMP-008,Engineering,19,16,1.16,0.094,18.89,87.3,1.01
HRLOG-000809,EMP-009,Engineering,30,25,2.76,0.016,27.68,87.9,1.62
HRLOG-000810,EMP-010,Sales,13,11,1.6,0.122,13.29,85.5,0.8
HRLOG-000811,EMP-011,Sales,12,10,0.5,0.01,11.01,87.9,0.0
HRLOG-000812,EMP-012,Operations,8,6,0.5,0.063,7.71,81.3,0.44
HRLOG-000813,EMP-013,Operations,15,13,1.16,0.014,13.81,90.8,0.0
HRLOG-000814,EMP-014,Engineering,10,7,2.59,0.028,9.33,77.3,0.0
HRLOG-000815,EMP-015,Sales,28,22,1.38,0.027,26.1,83.6,1.34
HRLOG-000816,EMP-016,Sales,21,16,0.59,0.095,20.9,79.7,1.84
HRLOG-000817,EMP-017,Sales,18,13,1.23,0.028,16.79,77.4,0.04
HRLOG-000818,EMP-018,Logistics,10,10,0.88,0.119,10.19,97.6,0.0
HRLOG-000819,EMP-019,Logistics,22,20,1.34,0.037,20.7,93.3,0.14
HRLOG-000820,EMP-020,Engineering,27,25,3.41,0.01,24.77,96.5,0.39
HRLOG-000821,EMP-021,Sales,27,21,1.22,0.049,25.69,81.5,1.94
HRLOG-000822,EMP-022,Engineering,14,12,3.54,0.023,13.0,89.3,0.55
HRLOG-000823,EMP-023,Engineering,11,8,2.88,0.019,10.18,81.4,0.0
HRLOG-000824,EMP-024,Operations,23,16,0.57,0.006,21.02,78.9,0.61
HRLOG-000825,EMP-025,Logistics,8,5,1.47,0.071,7.77,73.5,0.94
HRLOG-000826,EMP-026,Logistics,28,24,0.98,0.054,26.77,87.6,1.75
HRLOG-000827,EMP-027,Sales,20,19,1.55,0.039,18.85,96.7,0.21
HRLOG-000828,EMP-028,Sales,26,26,1.16,0.071,25.27,98.6,0.84
HRLOG-000829,EMP-029,Engineering,28,27,1.8,0.138,29.11,96.1,1.56
HRLOG-000830,EMP-030,Logistics,30,29,1.18,0.02,27.78,97.0,0.79
HRLOG-000831,EMP-031,Operations,10,8,1.11,0.027,9.32,86.4,0.24
HRLOG-000832,EMP-032,Operations,10,6,0.89,0.066,9.67,73.6,0.37
HRLOG-000833,EMP-033,Operations,29,26,1.21,0.113,29.38,91.7,1.8
HRLOG-000834,EMP-034,Operations,28,23,1.03,0.033,26.24,86.5,0.6
HRLOG-000835,EMP-035,Logistics,20,20,0.5,0.052,19.08,99.0,0.11
HRLOG-000836,EMP-036,Operations,21,14,1.24,0.102,21.04,74.9,2.01
HRLOG-000837,EMP-037,Operations,18,15,0.5,0.039,16.97,89.6,0.39
HRLOG-000838,EMP-038,Logistics,25,20,0.66,0.076,24.41,83.7,1.17
HRLOG-000839,EMP-039,Logistics,9,7,1.3,0.019,8.33,88.9,0.0
HRLOG-000840,EMP-040,Operations,20,20,0.67,0.031,18.71,99.4,0.0
HRLOG-000841,EMP-041,Logistics,22,17,1.69,0.022,20.41,82.7,0.66
HRLOG-000842,EMP-042,Logistics,19,15,0.5,0.179,20.63,79.9,1.08
HRLOG-000843,EMP-043,Engineering,18,13,2.05,0.027,16.78,80.9,0.47
HRLOG-000844,EMP-044,Logistics,29,25,0.5,0.024,26.95,90.8,0.92
HRLOG-000845,EMP-045,Engineering,17,13,2.19,0.05,16.19,84.1,0.08
HRLOG-000846,EMP-046,Engineering,19,17,1.97,0.007,17.38,95.3,0.0
HRLOG-000847,EMP-047,Logistics,22,19,0.5,0.022,20.41,89.5,0.51
HRLOG-000848,EMP-048,Sales,25,20,1.74,0.049,23.79,84.6,1.25
HRLOG-000849,EMP-049,Logistics,19,15,1.23,0.1,19.0,84.3,0.5
HRLOG-000850,EMP-050,Logistics,15,13,0.67,0.146,15.72,86.5,1.12
HRLOG-000851,EMP-051,Engineering,25,21,1.66,0.119,25.48,85.7,2.11
HRLOG-000852,EMP-052,Sales,18,15,0.95,0.064,17.37,85.5,0.98
HRLOG-000853,EMP-053,Sales,9,7,0.5,0.143,9.4,82.0,0.81
HRLOG-000854,EMP-054,Operations,18,15,0.5,0.083,17.7,85.3,1.55
HRLOG-000855,EMP-055,Engineering,23,19,2.24,0.078,22.5,85.1,1.11
HRLOG-000856,EMP-056,Operations,11,9,2.52,0.019,10.18,86.1,0.0
HRLOG-000857,EMP-057,Sales,19,19,0.88,0.025,17.67,99.5,0.0
HRLOG-000858,EMP-058,Sales,8,7,1.34,0.065,7.73,88.9,0.05
HRLOG-000859,EMP-059,Logistics,28,23,0.5,0.064,27.03,85.1,1.74
HRLOG-000860,EMP-060,Engineering,23,18,1.72,0.164,24.57,81.9,2.44
HRLOG-000861,EMP-061,Operations,26,17,2.42,0.072,25.29,72.0,2.19
HRLOG-000862,EMP-062,Engineering,17,12,2.37,0.014,15.65,79.9,0.0
HRLOG-000863,EMP-063,Logistics,19,15,0.73,0.075,18.54,85.2,0.89
HRLOG-000864,EMP-064,Engineering,12,8,2.47,0.146,12.58,75.0,1.12
HRLOG-000865,EMP-065,Logistics,27,22,2.2,0.005,24.66,86.2,1.09
HRLOG-000866,EMP-066,Operations,27,21,0.5,0.13,27.84,82.3,1.93
HRLOG-000867,EMP-067,Logistics,10,8,1.11,0.003,9.12,86.0,0.0
HRLOG-000868,EMP-068,Engineering,25,18,2.13,0.109,25.23,78.2,1.25
HRLOG-000869,EMP-069,Sales,23,19,1.16,0.073,22.4,85.7,1.45
HRLOG-000870,EMP-070,Logistics,29,25,1.15,0.124,29.71,87.3,1.57
HRLOG-000871,EMP-071,Engineering,20,14,1.53,0.083,19.67,77.3,0.74
HRLOG-000872,EMP-072,Engineering,12,9,2.39,0.016,11.07,84.5,0.0
HRLOG-000873,EMP-073,Operations,25,23,0.95,0.056,23.95,94.3,0.15
HRLOG-000874,EMP-074,Operations,9,6,0.92,0.002,8.2,79.4,0.0
HRLOG-000875,EMP-075,Operations,20,20,0.63,0.034,18.76,99.3,0.0
HRLOG-000876,EMP-076,Operations,24,21,1.13,0.015,22.12,92.2,0.54
HRLOG-000877,EMP-077,Operations,27,17,0.7,0.043,25.54,70.1,1.31
HRLOG-000878,EMP-078,Operations,26,19,1.69,0.019,24.05,78.2,0.57
HRLOG-000879,EMP-079,Engineering,19,16,2.49,0.015,17.51,87.6,0.45
HRLOG-000880,EMP-080,Engineering,19,17,1.72,0.016,17.53,92.1,0.32
HRLOG-000881,EMP-081,Engineering,23,23,1.9,0.032,21.54,99.4,1.31
HRLOG-000882,EMP-082,Sales,22,17,0.5,0.05,20.95,82.6,0.67
HRLOG-000883,EMP-083,Logistics,11,8,2.6,0.104,11.04,82.8,0.22
HRLOG-000884,EMP-084,Engineering,30,22,1.64,0.047,28.49,78.3,1.13
HRLOG-000885,EMP-085,Engineering,14,11,2.87,0.14,14.58,80.1,0.54
HRLOG-000886,EMP-086,Operations,22,21,1.44,0.088,21.74,97.3,1.1
HRLOG-000887,EMP-087,Logistics,25,18,0.78,0.006,22.85,79.6,0.87
HRLOG-000888,EMP-088,Engineering,29,26,2.91,0.029,27.08,93.3,0.0
HRLOG-000889,EMP-089,Engineering,14,10,2.16,0.214,15.8,77.1,1.36
HRLOG-000890,EMP-090,Operations,22,18,1.51,0.007,20.13,87.0,1.08
HRLOG-000891,EMP-091,Operations,9,6,1.38,0.177,9.75,75.2,1.28
HRLOG-000892,EMP-092,Logistics,28,24,2.17,0.116,28.46,88.8,1.38
HRLOG-000893,EMP-093,Logistics,27,19,0.53,0.132,27.89,76.0,2.27
HRLOG-000894,EMP-094,Sales,15,10,0.5,0.029,14.01,76.8,0.46
HRLOG-000895,EMP-095,Logistics,30,27,1.59,0.028,27.99,93.6,0.31
HRLOG-000896,EMP-096,Logistics,14,12,0.5,0.03,13.08,89.2,0.0
HRLOG-000897,EMP-097,Operations,8,5,1.21,0.091,7.93,73.6,0.7
HRLOG-000898,EMP-098,Operations,9,7,1.35,0.028,8.4,82.0,0.0
HRLOG-000899,EMP-099,Engineering,26,26,2.54,0.064,25.1,98.7,1.73
HRLOG-000900,EMP-100,Logistics,10,6,0.63,0.061,9.62,73.7,0.72
HRLOG-000901,EMP-001,Operations,19,15,1.22,0.04,17.92,84.4,0.78
HRLOG-000902,EMP-002,Engineering,13,10,2.17,0.054,12.43,85.3,0.31
HRLOG-000903,EMP-003,Logistics,9,6,0.85,0.024,8.36,73.9,0.0
HRLOG-000904,EMP-004,Engineering,15,15,1.97,0.023,13.93,99.5,0.0
HRLOG-000905,EMP-005,Engineering,23,19,2.16,0.035,21.6,86.1,0.39
HRLOG-000906,EMP-006,Operations,10,8,0.5,0.05,9.52,88.7,0.0
HRLOG-000907,EMP-007,Operations,13,12,2.38,0.039,12.25,95.1,0.0
HRLOG-000908,EMP-008,Engineering,19,16,1.65,0.062,18.3,88.2,0.55
HRLOG-000909,EMP-009,Engineering,26,20,2.66,0.081,25.52,81.7,1.39
HRLOG-000910,EMP-010,Sales,26,25,0.5,0.099,25.97,95.5,1.32
HRLOG-000911,EMP-011,Sales,14,12,1.29,0.017,12.93,90.5,0.0
HRLOG-000912,EMP-012,Operations,27,22,1.83,0.073,26.29,85.2,1.7
HRLOG-000913,EMP-013,Operations,12,9,0.7,0.04,11.32,80.0,0.92
HRLOG-000914,EMP-014,Engineering,30,25,1.83,0.012,27.57,86.9,1.18
HRLOG-000915,EMP-015,Sales,12,11,1.3,0.068,11.63,97.7,0.0
HRLOG-000916,EMP-016,Sales,28,18,2.31,0.007,25.62,71.7,1.11
HRLOG-000917,EMP-017,Sales,21,21,1.39,0.078,20.55,98.4,0.71
HRLOG-000918,EMP-018,Logistics,24,22,1.54,0.022,22.26,93.9,0.61
HRLOG-000919,EMP-019,Logistics,27,23,1.61,0.058,25.91,89.2,1.57
HRLOG-000920,EMP-020,Engineering,27,20,3.92,0.06,25.96,79.9,1.97
HRLOG-000921,EMP-021,Sales,9,6,2.3,0.11,9.09,71.6,0.94
HRLOG-000922,EMP-022,Engineering,17,13,3.01,0.219,19.3,77.6,1.79
HRLOG-000923,EMP-023,Engineering,9,6,1.44,0.197,9.97,76.3,0.96
HRLOG-000924,EMP-024,Operations,15,15,1.45,0.07,14.56,98.6,0.0
HRLOG-000925,EMP-025,Logistics,27,25,0.5,0.139,28.1,91.4,2.73
HRLOG-000926,EMP-026,Logistics,26,21,0.73,0.084,25.59,85.5,0.63
HRLOG-000927,EMP-027,Sales,14,13,1.23,0.031,13.1,98.2,0.0
HRLOG-000928,EMP-028,Sales,20,14,1.41,0.12,20.41,76.7,1.41
HRLOG-000929,EMP-029,Engineering,24,17,3.32,0.072,23.35,76.7,0.35
HRLOG-000930,EMP-030,Logistics,30,27,0.75,0.09,29.7,91.5,1.0
HRLOG-000931,EMP-031,Operations,10,6,0.78,0.131,10.32,67.4,0.59
HRLOG-000932,EMP-032,Operations,16,16,1.32,0.031,14.97,99.4,0.0
HRLOG-000933,EMP-033,Operations,10,10,0.69,0.031,9.35,99.4,0.0
HRLOG-000934,EMP-034,Operations,18,17,0.98,0.007,16.47,95.9,0.0
HRLOG-000935,EMP-035,Logistics,25,20,1.52,0.148,26.26,83.2,2.34
HRLOG-000936,EMP-036,Operations,23,18,1.49,0.027,21.44,84.1,1.26
HRLOG-000937,EMP-037,Operations,28,23,1.04,0.081,27.48,86.4,1.38
HRLOG-000938,EMP-038,Logistics,30,25,1.73,0.098,29.94,85.4,1.89
HRLOG-000939,EMP-039,Logistics,25,18,1.14,0.096,24.9,77.1,1.22
HRLOG-000940,EMP-040,Operations,23,21,1.74,0.085,22.66,93.9,0.58
HRLOG-000941,EMP-041,Logistics,24,14,1.08,0.094,23.86,67.7,1.39
HRLOG-000942,EMP-042,Logistics,28,26,1.27,0.098,27.94,92.6,2.4
HRLOG-000943,EMP-043,Engineering,22,14,1.38,0.078,21.53,70.0,1.63
HRLOG-000944,EMP-044,Logistics,15,13,1.52,0.037,14.11,89.5,0.0
HRLOG-000945,EMP-045,Engineering,30,29,2.13,0.026,27.93,96.9,1.35
HRLOG-000946,EMP-046,Engineering,15,12,1.5,0.088,14.82,87.6,1.35
HRLOG-000947,EMP-047,Logistics,10,8,1.14,0.111,10.11,83.5,0.45
HRLOG-000948,EMP-048,Sales,24,20,1.24,0.018,22.18,89.4,1.22
HRLOG-000949,EMP-049,Logistics,9,6,1.67,0.042,8.51,81.0,0.39
HRLOG-000950,EMP-050,Logistics,20,15,1.83,0.02,18.52,82.0,0.45
HRLOG-000951,EMP-051,Engineering,9,8,2.05,0.143,9.4,88.6,0.49
HRLOG-000952,EMP-052,Sales,25,23,1.61,0.048,23.76,94.1,0.48
HRLOG-000953,EMP-053,Sales,30,22,1.23,0.094,29.82,77.3,1.53
HRLOG-000954,EMP-054,Operations,29,26,1.71,0.072,28.21,92.1,1.27
HRLOG-000955,EMP-055,Engineering,25,22,2.81,0.091,24.78,90.3,1.34
HRLOG-000956,EMP-056,Operations,18,15,1.75,0.013,16.56,89.8,0.0
HRLOG-000957,EMP-057,Sales,25,16,1.28,0.139,26.01,71.1,1.51
HRLOG-000958,EMP-058,Sales,18,12,0.78,0.134,18.63,71.7,1.43
HRLOG-000959,EMP-059,Logistics,29,21,1.78,0.101,29.03,78.6,1.85
HRLOG-000960,EMP-060,Engineering,20,17,3.45,0.057,19.18,90.1,0.83
HRLOG-000961,EMP-061,Operations,24,24,2.0,0.046,22.77,99.1,0.68
HRLOG-000962,EMP-062,Engineering,11,8,2.49,0.044,10.42,84.1,0.86
HRLOG-000963,EMP-063,Logistics,14,11,1.13,0.163,14.94,80.0,1.48
HRLOG-000964,EMP-064,Engineering,9,7,1.64,0.1,9.0,80.6,0.18
HRLOG-000965,EMP-065,Logistics,9,9,0.64,0.072,8.75,98.6,0.0
HRLOG-000966,EMP-066,Operations,27,24,1.43,0.056,25.86,90.9,0.76
HRLOG-000967,EMP-067,Logistics,16,12,1.52,0.12,16.33,78.5,0.77
HRLOG-000968,EMP-068,Engineering,14,11,3.18,0.057,13.42,82.9,0.34
HRLOG-000969,EMP-069,Sales,13,9,2.85,0.133,13.44,77.4,0.6
HRLOG-000970,EMP-070,Logistics,22,18,0.83,0.023,20.43,87.3,0.77
HRLOG-000971,EMP-071,Engineering,27,22,1.95,0.069,26.19,86.5,1.51
HRLOG-000972,EMP-072,Engineering,23,19,1.64,0.02,21.3,88.5,0.57
HRLOG-000973,EMP-073,Operations,21,15,0.5,0.053,20.06,78.3,0.71
HRLOG-000974,EMP-074,Operations,17,14,2.31,0.045,16.11,89.1,0.39
HRLOG-000975,EMP-075,Operations,23,21,1.14,0.042,21.74,94.6,1.06
HRLOG-000976,EMP-076,Operations,18,16,1.23,0.119,18.35,92.1,1.34
HRLOG-000977,EMP-077,Operations,30,26,1.69,0.028,27.99,89.6,1.91
HRLOG-000978,EMP-078,Operations,29,24,1.65,0.032,27.15,86.4,1.84
HRLOG-000979,EMP-079,Engineering,16,13,1.09,0.037,15.05,86.9,0.0
HRLOG-000980,EMP-080,Engineering,9,7,3.52,0.027,8.39,82.6,0.29
HRLOG-000981,EMP-081,Engineering,13,10,2.93,0.11,13.13,84.1,0.83
HRLOG-000982,EMP-082,Sales,12,8,1.83,0.039,11.31,74.1,0.0
HRLOG-000983,EMP-083,Logistics,24,22,2.15,0.025,22.33,93.0,1.21
HRLOG-000984,EMP-084,Engineering,25,23,1.73,0.081,24.53,93.2,1.38
HRLOG-000985,EMP-085,Engineering,16,12,2.28,0.02,14.81,84.6,0.0
HRLOG-000986,EMP-086,Operations,25,22,0.52,0.007,22.87,91.4,0.67
HRLOG-000987,EMP-087,Logistics,18,17,1.88,0.014,16.57,99.5,0.26
HRLOG-000988,EMP-088,Engineering,8,7,3.36,0.042,7.56,98.4,0.0
HRLOG-000989,EMP-089,Engineering,8,6,3.37,0.033,7.5,86.9,0.0
HRLOG-000990,EMP-090,Operations,23,21,1.39,0.014,21.18,96.2,0.0
HRLOG-000991,EMP-091,Operations,20,14,0.75,0.104,20.08,76.3,1.56
HRLOG-000992,EMP-092,Logistics,13,13,1.01,0.035,12.21,99.3,0.0
HRLOG-000993,EMP-093,Logistics,9,7,1.85,0.072,8.75,86.5,0.0
HRLOG-000994,EMP-094,Sales,23,17,0.84,0.149,24.19,76.3,1.79
HRLOG-000995,EMP-095,Logistics,22,17,0.5,0.08,21.57,82.1,0.73
HRLOG-000996,EMP-096,Logistics,11,10,1.76,0.081,10.79,96.0,0.0
HRLOG-000997,EMP-097,Operations,12,9,0.87,0.103,12.04,78.3,0.39
HRLOG-000998,EMP-098,Operations,10,8,0.89,0.076,9.77,89.8,0.17
HRLOG-000999,EMP-099,Engineering,17,14,2.04,0.129,17.51,84.5,0.66
HRLOG-001000,EMP-100,Logistics,28,20,0.5,0.174,30.24,74.8,2.13
HRLOG-001001,EMP-001,Operations,23,15,2.44,0.005,21.0,73.3,0.39
HRLOG-001002,EMP-002,Engineering,27,24,2.24,0.118,27.49,89.5,1.1
HRLOG-001003,EMP-003,Logistics,27,24,1.76,0.022,25.05,92.3,0.96
HRLOG-001004,EMP-004,Engineering,8,7,2.46,0.01,7.34,96.7,0.0
HRLOG-001005,EMP-005,Engineering,11,8,2.73,0.168,11.8,76.4,0.6
HRLOG-001006,EMP-006,Operations,11,8,1.3,0.064,10.62,79.0,0.82
HRLOG-001007,EMP-007,Operations,21,17,0.69,0.04,19.81,87.2,0.37
HRLOG-001008,EMP-008,Engineering,17,13,3.43,0.145,17.8,78.7,2.43
HRLOG-001009,EMP-009,Engineering,15,9,2.29,0.154,15.86,68.5,0.49
HRLOG-001010,EMP-010,Sales,25,19,2.1,0.159,26.57,78.2,1.88
HRLOG-001011,EMP-011,Sales,10,9,1.27,0.036,9.4,94.9,0.01
HRLOG-001012,EMP-012,Operations,20,16,2.06,0.075,19.51,82.8,0.31
HRLOG-001013,EMP-013,Operations,14,11,0.74,0.109,14.13,81.8,0.77
HRLOG-001014,EMP-014,Engineering,24,20,2.2,0.094,23.86,85.1,1.25
HRLOG-001015,EMP-015,Sales,11,8,2.41,0.126,11.29,81.9,0.11
HRLOG-001016,EMP-016,Sales,28,20,1.74,0.095,27.86,76.1,1.31
HRLOG-001017,EMP-017,Sales,15,14,0.5,0.024,13.94,94.3,0.0
HRLOG-001018,EMP-018,Logistics,20,15,0.98,0.133,20.68,80.3,1.28
HRLOG-001019,EMP-019,Logistics,22,22,0.5,0.081,21.59,98.4,0.24
HRLOG-001020,EMP-020,Engineering,8,7,3.42,0.002,7.29,91.4,0.0
HRLOG-001021,EMP-021,Sales,11,6,1.91,0.055,10.53,68.9,0.78
HRLOG-001022,EMP-022,Engineering,16,11,2.85,0.087,15.79,77.5,0.42
HRLOG-001023,EMP-023,Engineering,17,16,2.37,0.026,15.83,99.3,0.13
HRLOG-001024,EMP-024,Operations,24,23,1.31,0.014,22.1,97.8,0.61
HRLOG-001025,EMP-025,Logistics,19,17,2.71,0.084,18.7,91.7,0.83
HRLOG-001026,EMP-026,Logistics,23,16,1.44,0.089,22.75,75.8,1.54
HRLOG-001027,EMP-027,Sales,16,12,1.71,0.037,15.05,80.9,0.03
HRLOG-001028,EMP-028,Sales,27,22,2.1,0.031,25.26,87.1,0.57
HRLOG-001029,EMP-029,Engineering,12,11,3.38,0.153,12.67,94.8,0.66
HRLOG-001030,EMP-030,Logistics,25,21,1.2,0.118,25.46,87.9,1.51
HRLOG-001031,EMP-031,Operations,15,13,0.5,0.068,14.53,89.8,0.34
HRLOG-001032,EMP-032,Operations,15,12,0.67,0.061,14.44,84.0,0.2
HRLOG-001033,EMP-033,Operations,10,8,1.15,0.041,9.44,85.5,0.03
HRLOG-001034,EMP-034,Operations,9,8,1.56,0.091,8.92,91.9,0.0
HRLOG-001035,EMP-035,Logistics,16,14,1.63,0.026,14.9,91.6,0.37
HRLOG-001036,EMP-036,Operations,22,15,1.8,0.191,24.2,73.9,2.25
HRLOG-001037,EMP-037,Operations,11,9,0.87,0.111,11.12,87.6,0.0
HRLOG-001038,EMP-038,Logistics,15,11,0.5,0.046,14.23,80.4,0.96
HRLOG-001039,EMP-039,Logistics,13,9,2.52,0.031,12.16,77.7,0.0
HRLOG-001040,EMP-040,Operations,24,19,0.5,0.042,22.68,85.3,0.75
HRLOG-001041,EMP-041,Logistics,30,22,1.77,0.024,27.88,80.8,1.5
HRLOG-001042,EMP-042,Logistics,18,15,1.71,0.02,16.67,89.1,0.31
HRLOG-001043,EMP-043,Engineering,19,17,1.53,0.133,19.65,91.2,1.55
HRLOG-001044,EMP-044,Logistics,12,9,0.72,0.138,12.47,78.4,0.71
HRLOG-001045,EMP-045,Engineering,12,9,2.78,0.045,11.37,85.6,0.0
HRLOG-001046,EMP-046,Engineering,28,20,2.01,0.132,28.93,74.6,1.08
HRLOG-001047,EMP-047,Logistics,22,16,0.5,0.122,22.49,77.8,0.05
HRLOG-001048,EMP-048,Sales,30,23,1.12,0.053,28.65,82.7,0.78
HRLOG-001049,EMP-049,Logistics,16,14,0.73,0.04,15.09,90.0,0.12
HRLOG-001050,EMP-050,Logistics,12,9,1.16,0.08,11.76,81.2,0.96
HRLOG-001051,EMP-051,Engineering,21,17,2.65,0.07,20.39,84.4,0.73
HRLOG-001052,EMP-052,Sales,17,15,1.07,0.099,16.98,90.0,1.02
HRLOG-001053,EMP-053,Sales,26,18,1.42,0.037,24.46,77.0,1.68
HRLOG-001054,EMP-054,Operations,11,8,0.58,0.205,12.29,79.2,0.95
HRLOG-001055,EMP-055,Engineering,9,9,1.65,0.087,8.88,98.3,0.0
HRLOG-001056,EMP-056,Operations,15,11,1.39,0.097,14.96,81.4,0.9
HRLOG-001057,EMP-057,Sales,19,13,0.5,0.08,18.63,75.1,0.46
HRLOG-001058,EMP-058,Sales,12,9,0.5,0.078,11.74,83.3,0.0
HRLOG-001059,EMP-059,Logistics,11,8,0.64,0.075,10.73,79.2,0.15
HRLOG-001060,EMP-060,Engineering,27,23,3.14,0.051,25.74,88.1,1.6
HRLOG-001061,EMP-061,Operations,20,16,1.16,0.027,18.64,86.7,0.0
HRLOG-001062,EMP-062,Engineering,21,17,3.36,0.04,19.81,85.3,1.22
HRLOG-001063,EMP-063,Logistics,10,9,1.19,0.079,9.79,91.0,0.0
HRLOG-001064,EMP-064,Engineering,13,11,2.63,0.139,13.53,89.6,0.74
HRLOG-001065,EMP-065,Logistics,10,9,1.51,0.014,9.21,91.9,0.0
HRLOG-001066,EMP-066,Operations,24,19,0.81,0.106,24.14,83.8,1.67
HRLOG-001067,EMP-067,Logistics,29,22,0.5,0.103,29.09,80.5,1.47
HRLOG-001068,EMP-068,Engineering,8,7,2.34,0.035,7.51,97.0,0.0
HRLOG-001069,EMP-069,Sales,13,11,0.95,0.078,12.72,89.0,0.25
HRLOG-001070,EMP-070,Logistics,26,25,1.34,0.061,25.02,98.6,0.93
HRLOG-001071,EMP-071,Engineering,29,21,3.22,0.049,27.59,78.1,0.68
HRLOG-001072,EMP-072,Engineering,15,15,2.4,0.085,14.78,98.3,0.31
HRLOG-001073,EMP-073,Operations,8,7,1.96,0.025,7.44,93.8,0.14
HRLOG-001074,EMP-074,Operations,27,20,0.99,0.02,25.0,79.8,1.24
HRLOG-001075,EMP-075,Operations,8,5,1.45,0.17,8.6,67.0,0.85
HRLOG-001076,EMP-076,Operations,24,22,1.4,0.02,22.22,96.0,0.53
HRLOG-001077,EMP-077,Operations,11,8,2.51,0.107,11.08,77.5,0.28
HRLOG-001078,EMP-078,Operations,26,22,0.89,0.016,23.99,90.3,0.56
HRLOG-001079,EMP-079,Engineering,26,22,2.14,0.34,34.21,83.1,3.6
HRLOG-001080,EMP-080,Engineering,16,13,1.3,0.101,16.02,83.6,0.86
HRLOG-001081,EMP-081,Engineering,15,13,3.35,0.091,14.87,87.9,0.44
HRLOG-001082,EMP-082,Sales,30,25,1.54,0.029,28.01,87.1,1.18
HRLOG-001083,EMP-083,Logistics,14,11,1.82,0.017,12.93,86.8,0.0
HRLOG-001084,EMP-084,Engineering,25,20,2.36,0.112,25.3,84.5,1.3
HRLOG-001085,EMP-085,Engineering,21,19,3.85,0.121,21.45,91.6,0.94
HRLOG-001086,EMP-086,Operations,18,14,0.55,0.055,17.22,81.9,0.06
HRLOG-001087,EMP-087,Logistics,20,18,1.15,0.06,19.23,91.0,0.55
HRLOG-001088,EMP-088,Engineering,9,7,2.6,0.034,8.44,83.8,0.02
HRLOG-001089,EMP-089,Engineering,19,15,2.51,0.007,17.38,84.0,0.0
HRLOG-001090,EMP-090,Operations,27,23,1.16,0.134,27.95,86.2,1.47
HRLOG-001091,EMP-091,Operations,20,15,0.81,0.041,18.89,80.1,0.83
HRLOG-001092,EMP-092,Logistics,19,17,1.82,0.051,18.11,90.6,0.15
HRLOG-001093,EMP-093,Logistics,13,11,0.65,0.028,12.13,90.2,0.0
HRLOG-001094,EMP-094,Sales,16,12,0.5,0.07,15.53,81.0,0.57
HRLOG-001095,EMP-095,Logistics,18,16,1.67,0.026,16.76,93.8,0.08
HRLOG-001096,EMP-096,Logistics,14,11,0.5,0.048,13.31,85.5,0.11
HRLOG-001097,EMP-097,Operations,20,18,2.4,0.02,18.52,95.2,0.4
HRLOG-001098,EMP-098,Operations,27,21,0.5,0.052,25.76,84.1,1.26
HRLOG-001099,EMP-099,Engineering,8,6,2.78,0.08,7.84,87.4,0.11
HRLOG-001100,EMP-100,Logistics,12,9,1.59,0.042,11.34,80.0,0.1
HRLOG-001101,EMP-001,Operations,16,10,2.1,0.093,15.89,68.3,1.29
HRLOG-001102,EMP-002,Engineering,25,19,2.14,0.097,24.93,81.7,1.12
HRLOG-001103,EMP-003,Logistics,17,12,1.34,0.12,17.35,76.4,0.0
HRLOG-001104,EMP-004,Engineering,16,15,2.73,0.042,15.12,98.8,0.16
HRLOG-001105,EMP-005,Engineering,13,11,2.3,0.101,13.01,87.7,0.05
HRLOG-001106,EMP-006,Operations,19,16,0.5,0.032,17.79,88.4,0.35
HRLOG-001107,EMP-007,Operations,22,19,1.13,0.096,21.91,87.9,1.56
HRLOG-001108,EMP-008,Engineering,16,16,2.28,0.015,14.75,99.7,0.0
HRLOG-001109,EMP-009,Engineering,30,26,2.42,0.078,29.35,89.7,1.18
HRLOG-001110,EMP-010,Sales,15,11,1.72,0.075,14.63,79.3,0.87
HRLOG-001111,EMP-011,Sales,27,18,1.58,0.048,25.67,75.2,1.05
HRLOG-001112,EMP-012,Operations,21,16,1.86,0.084,20.67,80.8,1.32
HRLOG-001113,EMP-013,Operations,22,16,1.51,0.072,21.4,79.5,1.38
HRLOG-001114,EMP-014,Engineering,25,21,2.48,0.122,25.56,85.4,2.24
HRLOG-001115,EMP-015,Sales,23,16,0.97,0.011,21.12,78.6,0.92
HRLOG-001116,EMP-016,Sales,9,6,0.66,0.072,8.75,72.8,0.16
HRLOG-001117,EMP-017,Sales,28,24,0.82,0.029,26.14,88.1,0.78
HRLOG-001118,EMP-018,Logistics,30,29,1.04,0.031,28.06,98.0,0.78
HRLOG-001119,EMP-019,Logistics,28,22,1.33,0.1,28.0,82.3,1.57
HRLOG-001120,EMP-020,Engineering,27,18,2.26,0.089,26.71,74.2,1.67
HRLOG-001121,EMP-021,Sales,10,7,1.93,0.09,9.9,79.8,0.9
HRLOG-001122,EMP-022,Engineering,12,9,1.83,0.16,12.77,83.1,0.28
HRLOG-001123,EMP-023,Engineering,16,15,2.18,0.036,15.04,94.8,0.08
HRLOG-001124,EMP-024,Operations,28,24,1.92,0.027,26.1,89.5,0.72
HRLOG-001125,EMP-025,Logistics,25,20,0.79,0.078,24.46,83.2,0.85
HRLOG-001126,EMP-026,Logistics,19,16,1.13,0.014,17.5,88.2,0.32
HRLOG-001127,EMP-027,Sales,8,6,1.11,0.101,8.01,85.5,0.32
HRLOG-001128,EMP-028,Sales,18,18,0.5,0.02,16.67,99.6,0.12
HRLOG-001129,EMP-029,Engineering,22,17,1.73,0.049,20.93,83.4,0.56
HRLOG-001130,EMP-030,Logistics,30,27,1.33,0.03,28.04,92.7,0.96
HRLOG-001131,EMP-031,Operations,8,7,1.49,0.018,7.39,95.7,0.0
HRLOG-001132,EMP-032,Operations,26,19,0.5,0.066,25.15,80.1,1.06
HRLOG-001133,EMP-033,Operations,27,21,0.52,0.122,27.61,79.9,1.3
HRLOG-001134,EMP-034,Operations,30,23,1.27,0.144,31.38,80.4,2.32
HRLOG-001135,EMP-035,Logistics,18,15,1.06,0.071,17.49,87.4,1.03
HRLOG-001136,EMP-036,Operations,18,16,1.34,0.037,16.93,93.6,0.17
HRLOG-001137,EMP-037,Operations,23,21,0.5,0.024,21.38,93.4,0.0
HRLOG-001138,EMP-038,Logistics,10,8,2.04,0.029,9.34,90.9,0.0
HRLOG-001139,EMP-039,Logistics,21,18,2.39,0.027,19.57,88.5,0.84
HRLOG-001140,EMP-040,Operations,10,7,1.81,0.081,9.81,77.7,0.0
HRLOG-001141,EMP-041,Logistics,28,22,0.5,0.033,26.24,83.2,1.08
HRLOG-001142,EMP-042,Logistics,27,25,1.02,0.039,25.45,94.6,0.6
HRLOG-001143,EMP-043,Engineering,19,15,2.07,0.05,18.1,84.7,1.32
HRLOG-001144,EMP-044,Logistics,24,16,1.14,0.016,22.14,73.6,0.3
HRLOG-001145,EMP-045,Engineering,18,15,2.9,0.066,17.41,89.3,0.57
HRLOG-001146,EMP-046,Engineering,8,5,1.91,0.077,7.82,73.6,0.0
HRLOG-001147,EMP-047,Logistics,30,28,2.04,0.069,29.1,94.0,0.9
HRLOG-001148,EMP-048,Sales,29,29,0.75,0.094,28.83,98.1,1.39
HRLOG-001149,EMP-049,Logistics,10,8,1.87,0.051,9.53,84.6,0.0
HRLOG-001150,EMP-050,Logistics,19,15,1.9,0.063,18.32,85.2,0.0
HRLOG-001151,EMP-051,Engineering,23,19,2.39,0.049,21.88,86.8,0.73
HRLOG-001152,EMP-052,Sales,18,12,1.1,0.069,17.46,73.9,0.0
HRLOG-001153,EMP-053,Sales,10,8,0.5,0.04,9.43,88.7,0.0
HRLOG-001154,EMP-054,Operations,9,8,1.08,0.118,9.16,90.9,0.85
HRLOG-001155,EMP-055,Engineering,20,17,3.47,0.026,18.62,89.5,0.0
HRLOG-001156,EMP-056,Operations,13,9,2.57,0.119,13.25,75.2,1.09
HRLOG-001157,EMP-057,Sales,15,12,1.25,0.099,14.99,83.2,0.74
HRLOG-001158,EMP-058,Sales,23,17,0.5,0.039,21.68,80.1,1.15
HRLOG-001159,EMP-059,Logistics,11,7,0.79,0.027,10.25,77.5,0.41
HRLOG-001160,EMP-060,Engineering,25,23,4.44,0.004,22.81,94.4,0.07
HRLOG-001161,EMP-061,Operations,17,15,1.18,0.007,15.55,95.1,0.12
HRLOG-001162,EMP-062,Engineering,12,9,2.16,0.049,11.42,83.9,0.0
HRLOG-001163,EMP-063,Logistics,20,17,0.5,0.052,19.08,89.7,1.38
HRLOG-001164,EMP-064,Engineering,17,16,2.81,0.081,16.68,98.1,0.15
HRLOG-001165,EMP-065,Logistics,14,10,1.51,0.031,13.1,79.9,0.0
HRLOG-001166,EMP-066,Operations,18,13,0.95,0.14,18.75,78.4,1.61
HRLOG-001167,EMP-067,Logistics,18,15,1.61,0.031,16.84,87.1,0.0
HRLOG-001168,EMP-068,Engineering,9,8,3.41,0.047,8.55,90.6,0.0
HRLOG-001169,EMP-069,Sales,29,24,1.88,0.049,27.59,87.0,0.72
HRLOG-001170,EMP-070,Logistics,19,18,1.78,0.028,17.72,98.9,0.0
HRLOG-001171,EMP-071,Engineering,22,17,3.37,0.189,24.15,81.4,2.29
HRLOG-001172,EMP-072,Engineering,15,12,2.68,0.075,14.63,84.8,0.93
HRLOG-001173,EMP-073,Operations,10,8,0.88,0.086,9.86,90.2,0.0
HRLOG-001174,EMP-074,Operations,24,21,0.5,0.123,24.56,89.0,1.45
HRLOG-001175,EMP-075,Operations,26,21,1.44,0.083,25.57,85.1,1.86
HRLOG-001176,EMP-076,Operations,28,23,0.89,0.054,26.77,86.3,1.13
HRLOG-001177,EMP-077,Operations,8,6,0.5,0.085,7.88,78.8,0.46
HRLOG-001178,EMP-078,Operations,13,8,2.24,0.149,13.67,70.5,0.77
HRLOG-001179,EMP-079,Engineering,9,5,1.86,0.106,9.05,65.9,0.43
HRLOG-001180,EMP-080,Engineering,10,9,1.99,0.064,9.65,93.1,0.25
HRLOG-001181,EMP-081,Engineering,25,21,2.34,0.062,24.08,88.5,0.73
HRLOG-001182,EMP-082,Sales,18,13,1.37,0.149,18.93,77.9,1.38
HRLOG-001183,EMP-083,Logistics,26,19,0.5,0.009,23.83,81.0,1.41
HRLOG-001184,EMP-084,Engineering,23,16,2.04,0.098,22.95,76.6,1.62
HRLOG-001185,EMP-085,Engineering,13,12,1.94,0.067,12.58,93.8,0.72
HRLOG-001186,EMP-086,Operations,8,5,1.35,0.133,8.27,71.9,0.91
HRLOG-001187,EMP-087,Logistics,20,20,1.41,0.02,18.52,99.6,0.57
HRLOG-001188,EMP-088,Engineering,21,21,2.57,0.048,19.96,99.0,0.18
HRLOG-001189,EMP-089,Engineering,26,24,2.06,0.025,24.19,94.9,0.59
HRLOG-001190,EMP-090,Operations,15,11,0.5,0.06,14.42,78.9,1.0
HRLOG-001191,EMP-091,Operations,27,25,1.19,0.078,26.42,94.0,0.93
HRLOG-001192,EMP-092,Logistics,16,12,1.22,0.152,16.88,81.9,1.36
HRLOG-001193,EMP-093,Logistics,25,21,1.89,0.083,24.58,85.6,0.83
HRLOG-001194,EMP-094,Sales,11,9,1.7,0.117,11.19,87.4,0.38
HRLOG-001195,EMP-095,Logistics,26,23,1.17,0.084,25.59,89.7,0.81
HRLOG-001196,EMP-096,Logistics,16,13,1.08,0.047,15.19,85.4,0.0
HRLOG-001197,EMP-097,Operations,8,7,0.97,0.074,7.8,94.8,0.0
HRLOG-001198,EMP-098,Operations,28,24,0.5,0.021,25.95,89.8,0.82
HRLOG-001199,EMP-099,Engineering,21,19,1.68,0.026,19.55,95.6,0.0
HRLOG-001200,EMP-100,Logistics,14,13,0.76,0.005,12.79,97.8,0.0
HRLOG-001201,EMP-001,Operations,13,9,1.5,0.116,13.21,78.8,0.07
HRLOG-001202,EMP-002,Engineering,20,17,2.97,0.023,18.57,88.0,0.5
HRLOG-001203,EMP-003,Logistics,16,12,0.91,0.029,14.94,83.3,0.54
HRLOG-001204,EMP-004,Engineering,14,12,4.05,0.037,13.17,90.3,0.0
HRLOG-001205,EMP-005,Engineering,25,22,2.76,0.021,23.17,90.8,0.58
HRLOG-001206,EMP-006,Operations,22,22,1.05,0.009,20.16,99.8,0.6
HRLOG-001207,EMP-007,Operations,28,24,1.75,0.029,26.14,90.8,1.86
HRLOG-001208,EMP-008,Engineering,15,15,2.2,0.029,14.01,99.4,0.0
HRLOG-001209,EMP-009,Engineering,30,27,2.86,0.021,27.8,92.0,0.99
HRLOG-001210,EMP-010,Sales,28,23,0.54,0.039,26.39,87.2,0.94
HRLOG-001211,EMP-011,Sales,28,20,1.4,0.184,30.57,75.2,3.7
HRLOG-001212,EMP-012,Operations,19,13,1.39,0.066,18.38,77.0,0.82
HRLOG-001213,EMP-013,Operations,18,14,0.5,0.287,22.14,77.7,2.98
HRLOG-001214,EMP-014,Engineering,29,24,1.61,0.037,27.28,87.1,1.07
HRLOG-001215,EMP-015,Sales,20,16,1.94,0.128,20.58,82.9,1.95
HRLOG-001216,EMP-016,Sales,11,10,0.7,0.077,10.75,95.7,0.0
HRLOG-001217,EMP-017,Sales,26,18,0.8,0.014,23.94,76.8,1.12
HRLOG-001218,EMP-018,Logistics,28,26,1.21,0.095,27.86,93.4,1.63
HRLOG-001219,EMP-019,Logistics,21,18,0.5,0.014,19.34,90.7,0.47
HRLOG-001220,EMP-020,Engineering,25,21,2.3,0.096,24.9,88.0,1.16
HRLOG-001221,EMP-021,Sales,14,11,0.98,0.04,13.21,84.6,0.63
HRLOG-001222,EMP-022,Engineering,20,16,1.51,0.015,18.43,84.8,0.48
HRLOG-001223,EMP-023,Engineering,8,6,2.97,0.129,8.24,79.8,0.95
HRLOG-001224,EMP-024,Operations,10,9,0.5,0.059,9.61,93.7,0.0
HRLOG-001225,EMP-025,Logistics,23,16,0.62,0.01,21.1,77.9,0.79
HRLOG-001226,EMP-026,Logistics,23,21,1.02,0.048,21.86,93.7,0.55
HRLOG-001227,EMP-027,Sales,11,8,0.5,0.015,10.14,80.8,0.01
HRLOG-001228,EMP-028,Sales,21,19,0.51,0.036,19.74,95.0,0.21
HRLOG-001229,EMP-029,Engineering,13,11,2.79,0.148,13.66,86.0,1.36
HRLOG-001230,EMP-030,Logistics,15,10,0.5,0.214,16.93,70.4,1.79
HRLOG-001231,EMP-031,Operations,14,12,1.93,0.014,12.89,88.4,0.0
HRLOG-001232,EMP-032,Operations,23,21,0.9,0.003,20.97,93.1,0.52
HRLOG-001233,EMP-033,Operations,26,22,1.68,0.036,24.44,87.5,0.69
HRLOG-001234,EMP-034,Operations,29,25,2.91,0.024,26.95,90.1,1.32
HRLOG-001235,EMP-035,Logistics,29,19,1.93,0.061,27.91,73.2,1.36
HRLOG-001236,EMP-036,Operations,28,24,2.05,0.073,27.26,87.2,0.82
HRLOG-001237,EMP-037,Operations,11,9,2.22,0.117,11.19,89.0,0.0
HRLOG-001238,EMP-038,Logistics,11,9,0.91,0.039,10.37,87.5,0.0
HRLOG-001239,EMP-039,Logistics,27,23,2.17,0.164,28.85,86.4,1.9
HRLOG-001240,EMP-040,Operations,24,20,1.29,0.05,22.86,88.6,0.05
HRLOG-001241,EMP-041,Logistics,14,12,1.25,0.077,13.69,89.2,0.29
HRLOG-001242,EMP-042,Logistics,13,12,1.08,0.117,13.22,93.3,0.54
HRLOG-001243,EMP-043,Engineering,20,16,1.7,0.029,18.67,87.2,0.47
HRLOG-001244,EMP-044,Logistics,23,20,2.2,0.025,21.4,91.4,0.59
HRLOG-001245,EMP-045,Engineering,26,26,2.1,0.051,24.79,99.0,0.47
HRLOG-001246,EMP-046,Engineering,28,20,2.38,0.065,27.05,77.9,1.62
HRLOG-001247,EMP-047,Logistics,14,10,1.74,0.093,13.9,78.7,0.96
HRLOG-001248,EMP-048,Sales,24,22,1.37,0.097,23.93,94.2,1.01
HRLOG-001249,EMP-049,Logistics,15,13,0.65,0.032,14.04,91.3,0.0
HRLOG-001250,EMP-050,Logistics,8,6,0.7,0.085,7.88,84.0,0.0
HRLOG-001251,EMP-051,Engineering,8,6,3.22,0.044,7.58,87.2,0.0
HRLOG-001252,EMP-052,Sales,29,25,2.06,0.035,27.23,90.8,1.19
HRLOG-001253,EMP-053,Sales,12,11,2.66,0.074,11.7,93.3,0.15
HRLOG-001254,EMP-054,Operations,23,17,1.46,0.116,23.37,77.6,0.86
HRLOG-001255,EMP-055,Engineering,12,9,2.99,0.059,11.53,81.5,0.0
HRLOG-001256,EMP-056,Operations,29,25,0.95,0.046,27.51,89.2,1.7
HRLOG-001257,EMP-057,Sales,24,21,0.97,0.012,22.06,90.4,0.29
HRLOG-001258,EMP-058,Sales,30,23,2.25,0.121,30.64,79.2,2.09
HRLOG-001259,EMP-059,Logistics,13,9,1.34,0.086,12.82,79.1,0.81
HRLOG-001260,EMP-060,Engineering,21,19,2.53,0.004,19.16,94.1,0.1
HRLOG-001261,EMP-061,Operations,8,6,0.78,0.193,8.82,78.3,1.12
HRLOG-001262,EMP-062,Engineering,30,28,2.21,0.081,29.44,94.0,0.29
HRLOG-001263,EMP-063,Logistics,25,22,1.23,0.079,24.49,89.7,0.43
HRLOG-001264,EMP-064,Engineering,8,7,2.9,0.038,7.53,92.4,0.0
HRLOG-001265,EMP-065,Logistics,24,18,0.58,0.051,22.88,81.1,1.18
HRLOG-001266,EMP-066,Operations,26,19,1.7,0.109,26.24,78.0,1.18
HRLOG-001267,EMP-067,Logistics,13,10,2.34,0.135,13.47,84.3,1.09
HRLOG-001268,EMP-068,Engineering,11,10,2.63,0.038,10.36,95.1,0.0
HRLOG-001269,EMP-069,Sales,21,17,0.64,0.158,22.29,83.2,2.04
HRLOG-001270,EMP-070,Logistics,26,22,1.52,0.031,24.32,88.1,1.06
HRLOG-001271,EMP-071,Engineering,16,16,2.39,0.032,14.98,99.4,0.0
HRLOG-001272,EMP-072,Engineering,19,15,1.81,0.072,18.48,84.0,0.54
HRLOG-001273,EMP-073,Operations,23,20,0.92,0.139,23.93,87.6,1.24
HRLOG-001274,EMP-074,Operations,23,19,2.28,0.071,22.35,88.1,1.08
HRLOG-001275,EMP-075,Operations,14,14,1.74,0.091,13.88,98.2,0.33
HRLOG-001276,EMP-076,Operations,20,15,1.64,0.064,19.31,81.6,1.11
HRLOG-001277,EMP-077,Operations,17,13,2.59,0.123,17.4,82.6,1.22
HRLOG-001278,EMP-078,Operations,27,21,1.04,0.175,29.19,79.1,1.94
HRLOG-001279,EMP-079,Engineering,19,15,1.84,0.087,18.76,83.4,0.49
HRLOG-001280,EMP-080,Engineering,12,10,2.81,0.006,10.97,92.1,0.06
HRLOG-001281,EMP-081,Engineering,17,13,2.24,0.089,16.82,83.3,0.48
HRLOG-001282,EMP-082,Sales,9,6,0.86,0.054,8.6,74.5,0.17
HRLOG-001283,EMP-083,Logistics,20,13,1.64,0.075,19.51,73.9,1.33
HRLOG-001284,EMP-084,Engineering,23,21,1.48,0.13,23.71,90.8,1.21
HRLOG-001285,EMP-085,Engineering,29,27,0.93,0.043,27.44,95.8,0.77
HRLOG-001286,EMP-086,Operations,8,6,2.16,0.01,7.34,89.7,0.0
HRLOG-001287,EMP-087,Logistics,10,9,1.57,0.037,9.41,96.7,0.0
HRLOG-001288,EMP-088,Engineering,26,22,2.66,0.041,24.55,87.7,0.76
HRLOG-001289,EMP-089,Engineering,11,11,2.46,0.054,10.52,98.9,0.16
HRLOG-001290,EMP-090,Operations,22,20,1.65,0.096,21.91,92.6,0.91
HRLOG-001291,EMP-091,Operations,22,17,0.5,0.009,20.16,85.0,0.0
HRLOG-001292,EMP-092,Logistics,18,17,1.47,0.029,16.81,96.8,0.0
HRLOG-001293,EMP-093,Logistics,13,12,1.09,0.079,12.73,97.5,0.34
HRLOG-001294,EMP-094,Sales,18,16,0.8,0.098,17.96,92.4,0.32
HRLOG-001295,EMP-095,Logistics,20,13,0.84,0.033,18.74,73.0,1.37
HRLOG-001296,EMP-096,Logistics,28,23,0.96,0.203,31.22,82.5,2.83
HRLOG-001297,EMP-097,Operations,20,18,2.19,0.024,18.59,92.9,0.92
HRLOG-001298,EMP-098,Operations,21,21,1.8,0.126,21.56,97.5,0.43
HRLOG-001299,EMP-099,Engineering,26,21,2.96,0.014,23.94,86.5,0.26
HRLOG-001300,EMP-100,Logistics,27,21,1.1,0.064,26.06,81.4,1.4
HRLOG-001301,EMP-001,Operations,14,11,0.99,0.224,15.98,80.9,1.52
HRLOG-001302,EMP-002,Engineering,29,24,2.35,0.024,26.95,86.1,0.92
HRLOG-001303,EMP-003,Logistics,16,13,0.5,0.144,16.74,84.6,1.85
HRLOG-001304,EMP-004,Engineering,22,21,1.82,0.087,21.72,98.2,0.2
HRLOG-001305,EMP-005,Engineering,21,17,2.46,0.011,19.28,85.9,0.33
HRLOG-001306,EMP-006,Operations,15,15,1.4,0.078,14.68,98.4,0.71
HRLOG-001307,EMP-007,Operations,25,21,1.33,0.065,24.15,87.4,0.66
HRLOG-001308,EMP-008,Engineering,28,19,2.87,0.054,26.77,75.3,1.56
HRLOG-001309,EMP-009,Engineering,27,24,1.7,0.031,25.26,92.8,0.93
HRLOG-001310,EMP-010,Sales,22,18,0.5,0.034,20.64,87.8,1.08
HRLOG-001311,EMP-011,Sales,19,14,1.27,0.164,20.3,77.7,1.02
HRLOG-001312,EMP-012,Operations,12,9,1.39,0.086,11.83,83.4,0.17
HRLOG-001313,EMP-013,Operations,9,8,0.5,0.051,8.58,90.5,0.0
HRLOG-001314,EMP-014,Engineering,17,16,1.31,0.198,18.85,91.4,1.25
HRLOG-001315,EMP-015,Sales,11,9,1.38,0.111,11.12,85.7,0.51
HRLOG-001316,EMP-016,Sales,8,5,1.25,0.011,7.35,75.4,0.0
HRLOG-001317,EMP-017,Sales,11,9,1.35,0.005,10.05,92.5,0.0
HRLOG-001318,EMP-018,Logistics,16,11,1.14,0.014,14.73,77.6,0.0
HRLOG-001319,EMP-019,Logistics,13,12,1.28,0.104,13.05,95.8,0.5
HRLOG-001320,EMP-020,Engineering,20,19,2.31,0.022,18.55,98.7,0.49
HRLOG-001321,EMP-021,Sales,17,15,1.39,0.131,17.54,88.7,1.3
HRLOG-001322,EMP-022,Engineering,14,11,1.82,0.023,13.0,82.9,0.0
HRLOG-001323,EMP-023,Engineering,16,15,1.89,0.01,14.68,95.2,0.0
HRLOG-001324,EMP-024,Operations,20,17,0.68,0.029,18.67,88.9,0.18
HRLOG-001325,EMP-025,Logistics,24,19,1.04,0.029,22.41,83.7,0.82
HRLOG-001326,EMP-026,Logistics,11,8,1.83,0.014,10.13,80.8,0.0
HRLOG-001327,EMP-027,Sales,19,13,2.13,0.022,17.63,78.2,0.47
HRLOG-001328,EMP-028,Sales,11,8,0.74,0.21,12.36,74.7,1.42
HRLOG-001329,EMP-029,Engineering,30,20,3.82,0.139,31.22,71.8,1.89
HRLOG-001330,EMP-030,Logistics,24,23,1.27,0.083,23.6,97.5,0.32
HRLOG-001331,EMP-031,Operations,24,18,0.5,0.054,22.94,81.3,1.16
HRLOG-001332,EMP-032,Operations,25,16,0.5,0.01,22.94,73.0,1.12
HRLOG-001333,EMP-033,Operations,19,18,1.11,0.009,17.42,96.2,0.17
HRLOG-001334,EMP-034,Operations,25,25,1.63,0.053,23.88,98.9,1.34
HRLOG-001335,EMP-035,Logistics,16,15,2.25,0.003,14.59,97.3,0.01
HRLOG-001336,EMP-036,Operations,13,11,0.59,0.04,12.26,91.9,0.0
HRLOG-001337,EMP-037,Operations,15,13,1.65,0.028,13.99,92.6,0.55
HRLOG-001338,EMP-038,Logistics,17,15,1.4,0.103,17.05,90.8,0.08
HRLOG-001339,EMP-039,Logistics,23,22,1.74,0.073,22.4,96.2,0.29
HRLOG-001340,EMP-040,Operations,30,22,0.91,0.075,29.27,78.6,1.52
HRLOG-001341,EMP-041,Logistics,13,11,0.5,0.031,12.16,90.0,0.0
HRLOG-001342,EMP-042,Logistics,24,20,1.94,0.122,24.54,84.7,1.93
HRLOG-001343,EMP-043,Engineering,24,22,2.2,0.017,22.16,94.3,0.0
HRLOG-001344,EMP-044,Logistics,16,12,1.66,0.199,17.76,77.1,1.86
HRLOG-001345,EMP-045,Engineering,10,9,1.54,0.03,9.35,92.5,0.0
HRLOG-001346,EMP-046,Engineering,25,24,3.53,0.026,23.28,96.3,0.44
HRLOG-001347,EMP-047,Logistics,14,11,1.03,0.057,13.42,82.0,0.31
HRLOG-001348,EMP-048,Sales,26,26,2.41,0.029,24.28,99.4,0.17
HRLOG-001349,EMP-049,Logistics,20,17,0.5,0.06,19.23,87.2,0.56
HRLOG-001350,EMP-050,Logistics,17,13,0.94,0.061,16.36,83.9,1.17
HRLOG-001351,EMP-051,Engineering,20,16,2.99,0.026,18.62,84.7,0.09
HRLOG-001352,EMP-052,Sales,28,26,0.52,0.002,25.5,95.3,0.56
HRLOG-001353,EMP-053,Sales,29,23,0.58,0.047,27.54,83.3,1.6
HRLOG-001354,EMP-054,Operations,25,22,0.5,0.035,23.47,92.3,0.88
HRLOG-001355,EMP-055,Engineering,21,12,1.47,0.005,19.18,66.2,0.21
HRLOG-001356,EMP-056,Operations,22,16,1.66,0.094,21.87,78.0,1.01
HRLOG-001357,EMP-057,Sales,10,9,0.5,0.05,9.52,91.9,0.0
HRLOG-001358,EMP-058,Sales,8,7,1.37,0.048,7.6,92.5,0.0
HRLOG-001359,EMP-059,Logistics,18,17,2.24,0.082,17.68,94.1,0.56
HRLOG-001360,EMP-060,Engineering,19,15,2.29,0.022,17.63,85.7,0.0
HRLOG-001361,EMP-061,Operations,17,15,1.76,0.026,15.83,94.3,0.0
HRLOG-001362,EMP-062,Engineering,15,11,1.15,0.093,14.9,77.7,0.54
HRLOG-001363,EMP-063,Logistics,23,22,1.38,0.091,22.79,97.7,0.46
HRLOG-001364,EMP-064,Engineering,17,12,2.72,0.061,16.36,78.2,0.13
HRLOG-001365,EMP-065,Logistics,27,19,1.05,0.07,26.21,77.0,2.03
HRLOG-001366,EMP-066,Operations,11,8,0.82,0.195,12.15,79.8,1.46
HRLOG-001367,EMP-067,Logistics,11,9,1.61,0.013,10.12,89.1,0.0
HRLOG-001368,EMP-068,Engineering,28,23,2.45,0.063,27.0,86.7,1.72
HRLOG-001369,EMP-069,Sales,27,19,1.49,0.058,25.91,77.9,0.89
HRLOG-001370,EMP-070,Logistics,28,22,0.89,0.01,25.69,85.3,0.95
HRLOG-001371,EMP-071,Engineering,15,12,2.41,0.171,16.15,81.4,1.61
HRLOG-001372,EMP-072,Engineering,30,22,2.17,0.241,34.92,75.9,3.32
HRLOG-001373,EMP-073,Operations,20,16,1.37,0.058,19.19,84.3,2.04
HRLOG-001374,EMP-074,Operations,25,19,1.25,0.152,26.37,78.8,2.22
HRLOG-001375,EMP-075,Operations,26,22,1.73,0.041,24.55,89.3,0.96
HRLOG-001376,EMP-076,Operations,18,14,0.94,0.01,16.51,83.6,0.0
HRLOG-001377,EMP-077,Operations,13,11,0.5,0.037,12.23,92.3,0.0
HRLOG-001378,EMP-078,Operations,18,17,2.32,0.011,16.53,95.8,0.08
HRLOG-001379,EMP-079,Engineering,19,19,2.02,0.067,18.39,98.7,1.09
HRLOG-001380,EMP-080,Engineering,26,23,1.98,0.078,25.44,91.7,1.05
HRLOG-001381,EMP-081,Engineering,13,10,1.92,0.013,11.96,86.3,0.35
HRLOG-001382,EMP-082,Sales,24,19,1.26,0.132,24.79,81.3,1.75
HRLOG-001383,EMP-083,Logistics,26,21,2.24,0.058,24.95,86.1,1.24
HRLOG-001384,EMP-084,Engineering,10,7,2.54,0.037,9.41,81.8,0.0
HRLOG-001385,EMP-085,Engineering,12,11,2.36,0.045,11.37,97.6,0.0
HRLOG-001386,EMP-086,Operations,24,16,2.55,0.184,26.2,72.0,2.38
HRLOG-001387,EMP-087,Logistics,15,10,0.72,0.062,14.45,76.8,0.04
HRLOG-001388,EMP-088,Engineering,22,18,2.66,0.018,20.33,87.8,0.0
HRLOG-001389,EMP-089,Engineering,24,18,2.36,0.008,21.98,82.6,0.22
HRLOG-001390,EMP-090,Operations,26,26,1.25,0.028,24.25,99.4,0.12
HRLOG-001391,EMP-091,Operations,19,19,1.25,0.089,18.79,98.2,0.66
HRLOG-001392,EMP-092,Logistics,13,11,0.54,0.048,12.36,90.8,0.25
HRLOG-001393,EMP-093,Logistics,13,11,2.17,0.077,12.71,87.2,0.0
HRLOG-001394,EMP-094,Sales,10,8,1.4,0.042,9.45,86.2,0.08
HRLOG-001395,EMP-095,Logistics,18,17,1.5,0.043,17.03,95.1,0.58
HRLOG-001396,EMP-096,Logistics,12,9,1.36,0.056,11.49,82.8,0.35
HRLOG-001397,EMP-097,Operations,27,18,0.5,0.042,25.52,75.4,1.57
HRLOG-001398,EMP-098,Operations,23,19,0.87,0.136,23.86,83.6,1.74
HRLOG-001399,EMP-099,Engineering,26,22,2.54,0.014,23.94,90.3,0.0
HRLOG-001400,EMP-100,Logistics,10,7,1.92,0.163,10.67,72.9,0.88
HRLOG-001401,EMP-001,Operations,21,14,1.34,0.091,20.81,71.9,1.59
HRLOG-001402,EMP-002,Engineering,18,16,1.77,0.013,16.56,94.5,0.14
HRLOG-001403,EMP-003,Logistics,11,8,1.3,0.002,10.02,84.6,0.0
HRLOG-001404,EMP-004,Engineering,17,16,3.15,0.024,15.8,97.1,0.34
HRLOG-001405,EMP-005,Engineering,18,17,2.01,0.036,16.92,95.5,0.3
HRLOG-001406,EMP-006,Operations,28,26,1.8,0.052,26.72,93.7,0.56
HRLOG-001407,EMP-007,Operations,27,24,0.87,0.037,25.4,93.3,0.6
HRLOG-001408,EMP-008,Engineering,14,12,2.45,0.099,13.99,92.1,0.96
HRLOG-001409,EMP-009,Engineering,26,18,2.67,0.119,26.5,75.3,1.66
HRLOG-001410,EMP-010,Sales,20,16,0.58,0.114,20.28,85.6,1.61
HRLOG-001411,EMP-011,Sales,12,11,1.35,0.041,11.33,93.6,0.0
HRLOG-001412,EMP-012,Operations,20,17,0.5,0.019,18.5,90.0,0.99
HRLOG-001413,EMP-013,Operations,22,18,1.71,0.08,21.57,86.9,1.13
HRLOG-001414,EMP-014,Engineering,30,28,1.82,0.039,28.28,94.5,1.14
HRLOG-001415,EMP-015,Sales,24,23,2.83,0.008,21.98,98.3,0.55
HRLOG-001416,EMP-016,Sales,15,13,0.5,0.093,14.9,89.7,0.55
HRLOG-001417,EMP-017,Sales,18,12,1.08,0.023,16.71,74.6,1.08
HRLOG-001418,EMP-018,Logistics,23,21,0.89,0.04,21.7,95.1,0.46
HRLOG-001419,EMP-019,Logistics,29,19,1.75,0.058,27.83,71.8,1.69
HRLOG-001420,EMP-020,Engineering,25,24,2.13,0.111,25.28,95.7,2.04
HRLOG-001421,EMP-021,Sales,28,23,1.69,0.11,28.28,84.9,1.72
HRLOG-001422,EMP-022,Engineering,30,24,1.97,0.027,27.96,85.1,1.69
HRLOG-001423,EMP-023,Engineering,10,7,2.05,0.099,9.99,75.2,1.49
HRLOG-001424,EMP-024,Operations,29,24,0.51,0.097,28.91,85.0,2.39
HRLOG-001425,EMP-025,Logistics,15,12,1.36,0.053,14.33,84.4,0.0
HRLOG-001426,EMP-026,Logistics,25,18,1.03,0.142,26.1,76.7,1.76
HRLOG-001427,EMP-027,Sales,27,27,0.5,0.028,25.19,99.4,0.18
HRLOG-001428,EMP-028,Sales,26,19,1.49,0.124,26.64,77.3,1.29
HRLOG-001429,EMP-029,Engineering,19,15,2.89,0.102,19.04,84.5,0.78
HRLOG-001430,EMP-030,Logistics,26,22,1.38,0.045,24.64,87.0,1.14
HRLOG-001431,EMP-031,Operations,15,13,0.85,0.102,15.03,88.8,0.53
HRLOG-001432,EMP-032,Operations,29,28,1.0,0.016,26.75,97.5,0.89
HRLOG-001433,EMP-033,Operations,23,19,1.35,0.028,21.46,87.2,0.52
HRLOG-001434,EMP-034,Operations,13,11,1.87,0.036,12.22,91.2,0.0
HRLOG-001435,EMP-035,Logistics,11,9,2.09,0.13,11.34,83.0,1.11
HRLOG-001436,EMP-036,Operations,12,9,0.62,0.028,11.19,85.3,0.0
HRLOG-001437,EMP-037,Operations,20,15,0.5,0.089,19.78,79.6,1.08
HRLOG-001438,EMP-038,Logistics,25,22,0.5,0.034,23.45,90.5,0.11
HRLOG-001439,EMP-039,Logistics,17,17,0.79,0.121,17.36,97.6,1.22
HRLOG-001440,EMP-040,Operations,11,10,1.5,0.061,10.59,95.6,0.25
HRLOG-001441,EMP-041,Logistics,28,28,1.41,0.094,27.83,98.1,1.33
HRLOG-001442,EMP-042,Logistics,22,17,1.0,0.073,21.42,82.6,0.59
HRLOG-001443,EMP-043,Engineering,25,17,2.64,0.099,24.98,74.3,0.84
HRLOG-001444,EMP-044,Logistics,15,12,1.22,0.082,14.73,84.6,0.95
HRLOG-001445,EMP-045,Engineering,13,12,2.28,0.038,12.24,98.7,0.0
HRLOG-001446,EMP-046,Engineering,22,14,3.41,0.074,21.44,71.9,1.97
HRLOG-001447,EMP-047,Logistics,26,22,1.75,0.018,24.03,87.9,1.06
HRLOG-001448,EMP-048,Sales,16,14,0.86,0.076,15.62,93.2,0.79
HRLOG-001449,EMP-049,Logistics,26,20,1.09,0.059,24.98,81.2,1.97
HRLOG-001450,EMP-050,Logistics,20,14,0.93,0.064,19.31,74.9,0.79
HRLOG-001451,EMP-051,Engineering,21,14,2.24,0.047,19.94,73.1,1.31
HRLOG-001452,EMP-052,Sales,13,11,1.31,0.089,12.86,88.8,0.63
HRLOG-001453,EMP-053,Sales,17,13,2.58,0.024,15.8,83.9,0.8
HRLOG-001454,EMP-054,Operations,28,21,2.2,0.054,26.77,79.2,2.03
HRLOG-001455,EMP-055,Engineering,8,8,2.03,0.028,7.46,99.4,0.0
HRLOG-001456,EMP-056,Operations,14,12,1.08,0.08,13.73,88.9,0.69
HRLOG-001457,EMP-057,Sales,9,5,0.5,0.033,8.43,70.2,0.21
HRLOG-001458,EMP-058,Sales,20,20,1.59,0.03,18.69,99.4,0.0
HRLOG-001459,EMP-059,Logistics,11,9,1.39,0.066,10.64,88.4,0.0
HRLOG-001460,EMP-060,Engineering,11,8,2.56,0.066,10.64,83.0,0.1
HRLOG-001461,EMP-061,Operations,28,28,1.55,0.074,27.29,98.5,1.26
HRLOG-001462,EMP-062,Engineering,17,15,2.36,0.003,15.5,94.6,0.12
HRLOG-001463,EMP-063,Logistics,10,9,1.05,0.058,9.6,98.6,0.0
HRLOG-001464,EMP-064,Engineering,19,14,1.54,0.186,20.79,78.6,1.06
HRLOG-001465,EMP-065,Logistics,27,22,0.95,0.066,26.11,84.8,1.59
HRLOG-001466,EMP-066,Operations,25,22,1.61,0.054,23.9,92.2,1.47
HRLOG-001467,EMP-067,Logistics,28,28,0.87,0.021,25.95,99.6,0.93
HRLOG-001468,EMP-068,Engineering,18,14,2.76,0.095,17.91,84.6,0.2
HRLOG-001469,EMP-069,Sales,16,13,1.92,0.017,14.77,87.9,0.36
HRLOG-001470,EMP-070,Logistics,12,12,1.4,0.051,11.44,99.0,0.0
HRLOG-001471,EMP-071,Engineering,10,9,2.03,0.016,9.23,92.0,0.13
HRLOG-001472,EMP-072,Engineering,20,15,2.81,0.135,20.73,81.0,0.89
HRLOG-001473,EMP-073,Operations,29,20,1.11,0.113,29.38,75.6,1.7
HRLOG-001474,EMP-074,Operations,16,12,1.07,0.062,15.41,80.1,0.64
HRLOG-001475,EMP-075,Operations,17,13,0.94,0.014,15.65,83.2,0.0
HRLOG-001476,EMP-076,Operations,21,14,1.32,0.245,24.56,72.0,2.32
HRLOG-001477,EMP-077,Operations,25,19,1.06,0.124,25.61,80.1,1.35
HRLOG-001478,EMP-078,Operations,11,11,1.28,0.044,10.42,99.1,0.0
HRLOG-001479,EMP-079,Engineering,8,6,2.73,0.055,7.66,83.4,0.12
HRLOG-001480,EMP-080,Engineering,21,16,2.44,0.036,19.74,80.9,0.0
HRLOG-001481,EMP-081,Engineering,15,14,3.38,0.056,14.37,95.1,0.0
HRLOG-001482,EMP-082,Sales,19,17,1.14,0.096,18.92,90.7,0.49
HRLOG-001483,EMP-083,Logistics,9,7,2.09,0.012,8.27,82.5,0.0
HRLOG-001484,EMP-084,Engineering,29,20,2.87,0.06,27.88,76.7,2.3
HRLOG-001485,EMP-085,Engineering,13,12,3.29,0.011,11.94,95.4,0.0
HRLOG-001486,EMP-086,Operations,27,17,1.03,0.123,27.64,69.8,1.89
HRLOG-001487,EMP-087,Logistics,19,14,1.52,0.07,18.45,80.3,0.87
HRLOG-001488,EMP-088,Engineering,25,21,3.07,0.075,24.39,87.2,1.25
HRLOG-001489,EMP-089,Engineering,21,17,1.35,0.12,21.43,84.8,0.92
HRLOG-001490,EMP-090,Operations,11,8,1.39,0.131,11.35,79.5,0.05
HRLOG-001491,EMP-091,Operations,12,9,2.02,0.068,11.63,83.9,0.25
HRLOG-001492,EMP-092,Logistics,23,19,1.09,0.018,21.26,88.2,1.03
HRLOG-001493,EMP-093,Logistics,19,13,1.12,0.097,18.94,73.4,1.89
HRLOG-001494,EMP-094,Sales,26,22,0.82,0.027,24.23,88.6,0.92
HRLOG-001495,EMP-095,Logistics,13,11,0.5,0.028,12.13,92.5,0.87
HRLOG-001496,EMP-096,Logistics,25,21,2.82,0.039,23.56,88.4,0.99
HRLOG-001497,EMP-097,Operations,18,16,2.0,0.059,17.29,90.5,1.21
HRLOG-001498,EMP-098,Operations,30,30,0.53,0.007,27.45,99.9,0.7
HRLOG-001499,EMP-099,Engineering,19,16,2.52,0.036,17.86,90.4,0.53
HRLOG-001500,EMP-100,Logistics,19,15,0.5,0.077,18.57,84.2,0.32
